"wkxbq","cntxt","simpl","whxbp","bknck","bkovl","wkxcr","wkspr","r2ar8","dwipd","skewr","wxqsq","bkpos","btoeg","wkxbp","rkxwp","rimmx","bkcti","reskr","katri","wkblk","dsopp","wkona","class"
"f","f","f","f","f","t","f","f","t","l","t","f","t","n","f","f","f","f","f","n","f","f","f","won"
"f","f","f","f","f","t","f","t","t","l","t","f","t","n","f","f","f","f","f","n","f","f","f","won"
"f","f","f","f","f","t","t","t","t","l","t","f","t","n","f","f","f","f","f","n","f","f","f","won"
"f","f","f","t","f","t","f","f","t","l","t","f","t","n","f","t","f","f","f","n","f","f","f","won"
"f","f","t","f","f","t","f","f","t","l","t","f","t","n","f","f","f","f","f","n","f","f","f","won"
"f","f","t","f","f","t","f","f","t","l","t","f","t","n","f","f","f","f","f","n","f","f","f","won"
"f","f","t","t","f","t","f","f","t","l","t","f","t","n","f","t","f","f","f","n","f","f","f","won"
"f","t","f","f","f","t","f","t","t","l","t","f","t","n","f","f","f","f","f","n","f","f","f","won"
"f","t","f","f","f","t","f","f","t","l","t","f","t","n","f","f","f","t","f","n","f","f","f","won"
"f","t","f","f","f","t","t","f","t","l","t","f","t","n","f","f","f","f","f","n","f","f","f","won"
"f","t","f","f","f","t","t","t","t","l","t","f","t","n","f","f","f","f","f","n","f","f","f","won"
"f","t","f","t","f","t","f","f","t","l","t","f","t","n","f","t","f","f","f","n","f","f","f","won"
"f","t","f","t","f","t","f","f","t","l","t","f","t","n","f","t","f","t","f","n","f","f","f","won"
"f","t","f","t","f","t","f","f","t","l","t","f","t","n","f","t","f","t","t","n","f","f","f","won"
"f","t","f","t","f","t","f","t","t","l","t","f","t","n","f","t","f","t","f","n","f","f","f","won"
"f","t","t","f","f","t","f","t","t","l","t","f","t","n","f","f","f","f","f","n","f","f","f","won"
"f","t","t","f","f","t","f","f","t","l","t","f","t","n","f","f","f","t","f","n","f","f","f","won"
"f","t","t","f","f","t","t","t","t","l","t","f","t","n","f","f","f","f","f","n","f","f","f","won"
"f","t","t","t","f","t","f","f","t","l","t","f","t","n","f","t","f","f","f","n","f","f","f","won"
"f","t","t","t","f","t","f","f","t","l","t","f","t","n","f","t","f","t","f","n","f","f","f","won"
"f","t","t","t","f","t","f","f","t","l","t","f","t","n","f","t","f","t","t","n","f","f","f","won"
"f","t","t","t","f","t","f","t","t","l","t","f","t","n","f","t","f","t","f","n","f","f","f","won"
"f","t","f","f","f","t","f","f","t","l","t","f","t","n","f","f","f","f","f","w","f","f","f","won"
"f","t","f","f","f","t","f","f","t","l","t","f","t","n","f","f","f","t","f","w","f","f","f","won"
"f","t","f","f","f","t","f","f","t","l","t","f","t","n","f","f","f","t","t","w","f","f","f","won"
"f","t","f","f","f","t","t","f","t","l","t","f","t","n","f","f","f","f","f","w","f","f","f","won"
"f","t","f","f","f","t","t","t","t","l","t","f","t","n","f","f","f","f","f","w","f","f","f","won"
"f","t","f","t","f","t","f","f","t","l","t","f","t","n","f","t","f","f","f","w","f","f","f","won"
"f","t","t","f","f","t","f","f","t","l","t","f","t","n","f","f","f","f","f","w","f","f","f","won"
"f","t","t","f","f","t","f","f","t","l","t","f","t","n","f","f","f","t","f","w","f","f","f","won"
"f","t","t","f","f","t","f","f","t","l","t","f","t","n","f","f","f","t","t","w","f","f","f","won"
"f","t","t","t","f","t","f","f","t","l","t","f","t","n","f","t","f","f","f","w","f","f","f","won"
"f","t","f","f","f","t","f","f","t","l","t","f","f","n","f","f","f","f","f","w","f","f","f","won"
"f","t","f","f","f","t","f","f","t","l","t","f","f","n","f","f","f","t","f","w","f","f","f","won"
"f","t","f","f","f","t","t","f","t","l","t","f","f","n","f","f","f","f","f","w","f","f","f","won"
"f","t","f","f","f","t","t","t","t","l","t","f","f","n","f","f","f","f","f","w","f","f","f","won"
"f","t","f","f","f","t","t","t","t","l","t","f","f","n","f","f","f","f","t","w","f","f","f","won"
"f","t","f","t","f","t","f","f","t","l","t","f","f","n","f","t","f","f","f","w","f","f","f","won"
"f","t","t","f","f","t","f","f","t","l","t","f","f","n","f","f","f","t","f","w","f","f","f","won"
"f","t","t","t","f","t","f","f","t","l","t","f","f","n","f","t","f","f","f","w","f","f","f","won"
"f","t","f","f","f","t","f","f","t","l","t","f","t","n","f","f","f","t","f","n","t","f","f","won"
"f","t","t","f","f","t","f","f","t","l","t","f","t","n","f","f","f","f","f","n","t","f","f","won"
"f","t","t","f","f","t","f","f","t","l","t","f","t","n","f","f","f","t","f","n","t","f","f","won"
"f","t","t","f","f","t","f","f","t","l","t","f","t","n","f","f","f","f","f","n","t","f","f","won"
"f","t","t","f","f","t","t","t","t","l","t","f","t","n","f","f","f","f","t","n","t","f","f","won"
"f","t","f","f","f","t","f","f","t","l","t","f","f","n","f","f","f","t","f","n","t","f","f","won"
"f","t","t","f","f","t","f","f","t","l","t","f","f","n","f","f","f","f","f","n","t","f","f","won"
"f","t","t","f","f","t","f","f","t","l","t","f","f","n","f","f","f","f","t","n","t","f","f","won"
"f","t","t","f","f","t","f","f","t","l","t","f","f","n","f","f","f","t","f","n","t","f","f","won"
"f","t","f","f","f","t","f","f","t","l","t","f","t","n","f","f","f","f","f","b","t","f","f","won"
"f","t","f","f","f","t","f","f","t","l","t","f","t","n","f","f","f","t","f","w","t","f","f","won"
"f","t","f","f","f","t","t","f","t","l","t","f","t","n","f","f","f","f","f","b","t","f","f","won"
"f","t","t","f","f","t","f","f","t","l","t","f","t","n","f","f","f","f","f","w","t","f","f","won"
"f","t","t","f","f","t","f","f","t","l","t","f","t","n","f","f","f","t","f","w","t","f","f","won"
"f","t","t","f","f","t","t","f","t","l","t","f","t","n","f","f","f","f","f","w","t","f","f","won"
"f","t","f","f","f","t","f","f","t","l","t","f","f","n","f","f","f","f","f","b","t","f","f","won"
"f","t","t","f","f","t","f","f","t","l","t","f","f","n","f","f","f","f","f","w","t","f","f","won"
"f","t","t","f","f","t","f","f","t","l","t","f","f","n","f","f","f","f","f","b","t","f","f","won"
"f","f","f","f","f","t","f","f","f","l","t","f","t","n","f","f","f","f","f","n","f","f","f","won"
"f","f","f","f","f","f","f","f","f","l","t","f","t","n","f","f","f","f","f","n","f","f","f","won"
"f","f","f","f","f","t","f","t","f","l","t","f","t","n","f","f","f","f","f","n","f","f","f","won"
"f","f","f","f","f","t","t","t","f","l","t","f","t","n","f","f","f","f","f","n","f","f","f","won"
"f","f","f","f","f","f","t","t","f","l","t","f","t","n","f","f","f","f","f","n","f","f","f","won"
"f","f","t","f","f","t","f","f","f","l","t","f","t","n","f","f","f","f","f","n","f","f","f","won"
"f","f","t","f","f","f","f","f","f","l","t","f","t","n","f","f","f","f","f","n","f","f","f","won"
"f","f","t","f","f","t","f","t","f","l","t","f","t","n","f","f","f","f","f","n","f","f","f","won"
"f","f","t","f","f","f","f","f","f","l","t","f","t","n","f","f","f","f","f","n","f","f","f","won"
"f","f","t","f","f","t","t","t","f","l","t","f","t","n","f","f","f","f","f","n","f","f","f","won"
"f","f","t","f","f","f","t","t","f","l","t","f","t","n","f","f","f","f","f","n","f","f","f","won"
"f","f","t","f","t","f","f","f","f","l","t","f","t","n","f","f","f","f","f","n","f","f","f","won"
"f","t","f","f","f","f","f","f","f","l","t","f","t","n","f","f","f","f","f","n","f","f","f","won"
"f","t","f","f","f","f","f","f","f","l","t","f","t","n","f","f","f","t","f","n","f","f","f","won"
"f","t","f","f","f","f","f","t","f","l","t","f","t","n","f","f","f","t","f","n","f","f","f","won"
"f","t","f","f","f","f","f","t","f","l","t","f","t","n","f","f","f","t","f","n","f","f","t","won"
"f","t","f","f","f","f","t","t","f","l","t","f","t","n","f","f","f","f","f","n","f","f","f","won"
"f","t","t","f","f","f","f","f","f","l","t","f","t","n","f","f","f","f","f","n","f","f","f","won"
"f","t","t","f","f","f","f","t","f","l","t","f","t","n","f","f","f","f","f","n","f","f","f","won"
"f","t","t","f","f","f","f","f","f","l","t","f","t","n","f","f","f","t","f","n","f","f","f","won"
"f","t","t","f","f","f","t","t","f","l","t","f","t","n","f","f","f","f","f","n","f","f","f","won"
"f","t","f","f","f","f","f","f","f","l","t","f","f","n","f","f","f","t","f","n","f","f","f","won"
"f","t","f","f","t","f","f","f","f","l","t","f","f","n","f","f","f","t","f","n","f","f","f","won"
"f","t","t","f","f","f","f","f","f","l","t","f","f","n","f","f","f","t","f","n","f","f","f","won"
"f","t","t","f","t","f","f","f","f","l","t","f","f","n","f","f","f","t","f","n","f","f","f","won"
"f","t","f","f","f","t","f","f","f","l","t","f","t","n","f","f","f","f","f","w","f","f","f","won"
"f","t","f","f","f","f","f","f","f","l","t","f","t","n","f","f","f","t","f","w","f","f","f","won"
"f","t","f","f","f","t","f","f","f","l","t","f","t","n","f","f","f","t","t","w","f","f","f","won"
"f","t","f","f","f","t","t","t","f","l","t","f","t","n","f","f","f","f","f","w","f","f","f","won"
"f","t","f","f","f","f","t","t","f","l","t","f","t","n","f","f","f","f","f","w","f","f","f","won"
"f","t","t","f","f","t","f","f","f","l","t","f","t","n","f","f","f","f","f","w","f","f","f","won"
"f","t","t","f","f","f","f","f","f","l","t","f","t","n","f","f","f","t","f","w","f","f","f","won"
"f","t","t","f","f","f","t","t","f","l","t","f","t","n","f","f","f","f","f","w","f","f","f","won"
"f","t","t","t","f","t","f","f","f","l","t","f","t","n","f","t","f","f","f","w","f","f","f","won"
"f","t","t","t","f","t","t","f","f","l","t","f","t","n","f","t","f","f","f","w","f","f","f","won"
"f","t","f","f","f","t","f","f","f","l","t","f","f","n","f","f","f","f","f","w","f","f","f","won"
"f","t","f","f","f","f","f","f","f","l","t","f","f","n","f","f","f","t","f","w","f","f","f","won"
"f","t","f","f","f","t","t","f","f","l","t","f","f","n","f","f","f","f","f","w","f","f","f","won"
"f","t","f","f","f","f","t","t","f","l","t","f","f","n","f","f","f","f","f","w","f","f","f","won"
"f","t","f","t","f","t","f","f","f","l","t","f","f","n","f","t","f","f","f","w","f","f","f","won"
"f","t","t","f","f","t","f","f","f","l","t","f","f","n","f","f","f","f","f","w","f","f","f","won"
"f","f","f","t","f","t","t","t","t","l","t","f","t","n","t","f","f","f","f","n","f","f","f","won"
"f","f","f","t","f","t","t","t","t","l","t","f","t","n","t","t","f","f","f","n","f","f","f","won"
"f","t","f","t","f","t","t","f","t","l","t","f","t","n","t","f","f","f","f","n","f","f","f","won"
"f","t","f","t","f","t","t","t","t","l","t","f","t","n","t","f","f","f","f","n","f","f","f","won"
"f","t","f","t","f","t","t","f","t","l","t","f","t","n","t","t","f","f","f","n","f","f","f","won"
"f","t","t","t","f","t","t","t","t","l","t","f","t","n","t","f","f","f","f","n","f","f","f","won"
"f","t","f","t","f","t","t","f","t","l","t","f","t","n","t","f","f","f","f","w","f","f","f","won"
"f","t","f","t","f","t","t","f","t","l","t","f","t","n","t","f","f","f","t","w","f","f","f","won"
"f","t","f","t","f","t","t","t","t","l","t","f","t","n","t","f","f","f","f","w","f","f","f","won"
"f","t","f","t","f","t","t","f","t","l","t","f","t","n","t","t","f","f","f","w","f","f","f","won"
"f","t","f","t","f","t","t","f","t","l","t","f","f","n","t","f","f","f","f","w","f","f","f","won"
"f","f","t","t","f","t","t","t","f","l","t","f","t","n","t","f","f","f","f","n","f","f","f","won"
"f","f","t","t","f","f","t","t","f","l","t","f","t","n","t","f","f","f","f","n","f","f","f","won"
"f","t","f","t","f","f","t","f","f","l","t","f","t","n","t","f","f","f","f","n","f","f","f","won"
"f","t","t","t","f","f","t","t","f","l","t","f","t","n","t","f","f","f","f","n","f","f","f","won"
"f","t","f","t","f","f","t","f","f","l","t","f","t","n","t","f","f","f","f","w","f","f","f","won"
"t","f","f","f","f","t","f","f","t","l","t","f","t","n","f","f","f","f","f","n","f","f","f","won"
"t","f","f","f","f","f","f","f","t","l","t","f","t","n","f","f","f","f","f","n","f","f","f","won"
"t","f","f","f","f","f","f","f","t","l","t","f","t","n","f","f","f","f","f","n","f","f","t","won"
"t","f","f","f","f","f","f","t","t","l","t","f","t","n","f","f","f","f","f","n","f","f","f","won"
"t","f","f","f","f","t","f","t","t","l","t","f","t","n","f","f","f","f","f","n","f","f","t","won"
"t","f","f","f","f","f","f","t","t","l","t","f","t","n","f","f","f","f","f","n","f","f","t","won"
"t","f","f","f","f","f","t","f","t","l","t","f","t","n","f","f","f","f","f","n","f","f","f","won"
"t","f","f","f","f","t","t","t","t","l","t","f","t","n","f","f","f","f","f","n","f","f","f","won"
"t","f","f","f","f","f","t","t","t","l","t","f","t","n","f","f","f","f","f","n","f","f","f","won"
"t","f","f","f","t","f","f","f","t","l","t","f","t","n","f","f","f","f","f","n","f","f","f","won"
"t","f","f","t","f","t","f","f","t","l","t","f","t","n","f","t","f","f","f","n","f","f","f","won"
"t","f","f","t","f","t","t","t","t","l","t","f","t","n","f","t","f","f","f","n","f","f","f","won"
"t","f","t","f","f","t","f","f","t","l","t","f","t","n","f","f","f","f","f","n","f","f","f","won"
"t","f","t","f","f","f","f","f","t","l","t","f","t","n","f","f","f","f","f","n","f","f","f","won"
"t","f","t","f","f","f","f","f","t","l","t","f","t","n","f","f","f","f","f","n","f","f","f","won"
"t","f","t","f","f","f","f","f","t","l","t","f","t","n","f","f","f","f","f","n","f","f","t","won"
"t","f","t","f","f","f","t","t","t","l","t","f","t","n","f","f","f","f","f","n","f","f","f","won"
"t","f","t","f","t","f","f","f","t","l","t","f","t","n","f","f","f","f","f","n","f","f","f","won"
"t","f","t","t","f","t","f","f","t","l","t","f","t","n","f","t","f","f","f","n","f","f","f","won"
"t","t","f","f","f","t","f","f","t","l","t","f","t","n","f","f","f","t","f","n","f","f","f","won"
"t","t","f","f","f","f","f","f","t","l","t","f","t","n","f","f","f","t","f","n","f","f","f","won"
"t","t","f","f","f","t","f","f","t","l","t","f","t","n","f","f","f","t","f","n","f","f","t","won"
"t","t","f","f","f","f","f","f","t","l","t","f","t","n","f","f","f","t","f","n","f","f","t","won"
"t","t","f","f","f","t","t","f","t","l","t","f","t","n","f","f","f","f","f","n","f","f","f","won"
"t","t","f","f","f","t","t","t","t","l","t","f","t","n","f","f","f","f","f","n","f","f","f","won"
"t","t","f","f","f","f","t","t","t","l","t","f","t","n","f","f","f","f","f","n","f","f","f","won"
"t","t","f","f","f","t","t","f","t","l","t","f","t","n","f","f","f","t","t","n","f","f","f","won"
"t","t","f","t","f","t","f","f","t","l","t","f","t","n","f","t","f","t","f","n","f","f","f","won"
"t","t","f","t","f","f","f","f","t","l","t","f","t","n","f","t","f","t","f","n","f","f","f","won"
"t","t","f","t","f","t","f","f","t","l","t","f","t","n","f","t","f","t","t","n","f","f","f","won"
"t","t","f","t","f","t","t","f","t","l","t","f","t","n","f","t","f","f","f","n","f","f","f","won"
"t","t","f","t","f","f","t","t","t","l","t","f","t","n","f","t","f","t","f","n","f","f","f","won"
"t","t","t","f","f","t","f","f","t","l","t","f","t","n","f","f","f","t","f","n","f","f","f","won"
"t","t","t","f","f","t","t","f","t","l","t","f","t","n","f","f","f","t","t","n","f","f","f","won"
"t","t","t","t","f","t","f","f","t","l","t","f","t","n","f","t","f","t","f","n","f","f","f","won"
"t","t","t","t","f","t","t","f","t","l","t","f","t","n","f","t","f","f","f","n","f","f","f","won"
"t","t","f","f","f","t","f","f","t","l","t","f","f","n","f","f","f","t","f","n","f","f","f","won"
"t","t","f","f","f","f","f","f","t","l","t","f","f","n","f","f","f","t","f","n","f","f","f","won"
"t","t","f","f","f","t","t","f","t","l","t","f","f","n","f","f","f","f","f","n","f","f","f","won"
"t","t","f","f","f","f","t","f","t","l","t","f","f","n","f","f","f","f","f","n","f","f","f","won"
"t","t","f","f","f","t","t","t","t","l","t","f","f","n","f","f","f","f","f","n","f","f","f","won"
"t","t","f","f","f","f","t","t","t","l","t","f","f","n","f","f","f","f","f","n","f","f","f","won"
"t","t","f","f","f","t","t","f","t","l","t","f","f","n","f","f","f","t","t","n","f","f","f","won"
"t","t","f","t","f","t","f","f","t","l","t","f","f","n","f","t","f","t","f","n","f","f","f","won"
"t","t","f","t","f","t","t","f","t","l","t","f","f","n","f","t","f","f","f","n","f","f","f","won"
"t","t","f","t","f","t","t","f","t","l","t","f","f","n","f","t","f","f","t","n","f","f","f","won"
"t","t","t","f","f","t","f","f","t","l","t","f","f","n","f","f","f","t","f","n","f","f","f","won"
"t","t","f","f","f","t","f","f","t","l","t","f","t","n","f","f","f","t","f","w","f","f","f","won"
"t","t","f","f","f","f","f","f","t","l","t","f","t","n","f","f","f","t","f","w","f","f","f","won"
"t","t","f","f","f","t","f","f","t","l","t","f","t","n","f","f","f","t","t","w","f","f","f","won"
"t","t","f","f","f","f","f","f","t","l","t","f","t","n","f","f","f","t","t","w","f","f","f","won"
"t","t","f","f","f","t","t","f","t","l","t","f","t","n","f","f","f","f","f","w","f","f","f","won"
"t","t","f","f","f","t","t","t","t","l","t","f","t","n","f","f","f","f","f","w","f","f","f","won"
"t","t","f","f","f","f","t","t","t","l","t","f","t","n","f","f","f","f","f","w","f","f","f","won"
"t","t","f","t","f","t","t","f","t","l","t","f","t","n","f","t","f","f","f","w","f","f","f","won"
"t","t","t","f","f","t","f","f","t","l","t","f","t","n","f","f","f","t","f","w","f","f","f","won"
"t","t","t","f","f","t","f","f","t","l","t","f","t","n","f","f","f","t","t","w","f","f","f","won"
"t","t","t","t","f","t","t","f","t","l","t","f","t","n","f","t","f","f","f","w","f","f","f","won"
"t","t","f","f","f","t","f","f","t","l","t","f","f","n","f","f","f","t","f","w","f","f","f","won"
"t","t","f","f","f","f","f","f","t","l","t","f","f","n","f","f","f","t","f","w","f","f","f","won"
"t","t","f","f","f","t","t","f","t","l","t","f","f","n","f","f","f","f","f","w","f","f","f","won"
"t","t","f","f","f","t","t","t","t","l","t","f","f","n","f","f","f","f","f","w","f","f","f","won"
"t","t","f","f","f","f","t","t","t","l","t","f","f","n","f","f","f","f","f","w","f","f","f","won"
"t","t","f","t","f","t","t","f","t","l","t","f","f","n","f","t","f","f","f","w","f","f","f","won"
"t","t","t","f","f","t","f","f","t","l","t","f","f","n","f","f","f","t","f","w","f","f","f","won"
"t","t","f","f","f","f","f","t","t","l","t","f","t","n","f","f","f","f","f","n","t","f","f","won"
"t","t","f","f","f","t","f","f","t","l","t","f","t","n","f","f","f","t","f","n","t","f","f","won"
"t","t","f","f","f","t","t","f","t","l","t","f","t","n","f","f","f","f","f","n","t","f","f","won"
"t","t","f","t","f","t","f","t","t","l","t","f","t","n","f","t","f","f","f","n","t","f","f","won"
"t","t","f","t","f","t","t","t","t","l","t","f","t","n","f","t","f","f","f","n","t","f","f","won"
"t","t","t","f","f","t","f","f","t","l","t","f","t","n","f","f","f","t","f","n","t","f","f","won"
"t","t","t","f","f","t","t","f","t","l","t","f","t","n","f","f","f","f","f","n","t","f","f","won"
"t","t","t","f","f","t","t","t","t","l","t","f","t","n","f","f","f","f","f","n","t","f","f","won"
"t","t","f","f","f","t","f","f","t","l","t","f","f","n","f","f","f","t","f","n","t","f","f","won"
"t","t","f","f","f","t","t","f","t","l","t","f","f","n","f","f","f","f","f","n","t","f","f","won"
"t","t","t","f","f","t","f","f","t","l","t","f","f","n","f","f","f","t","f","n","t","f","f","won"
"t","t","f","f","f","f","f","t","t","l","t","f","t","n","f","f","f","f","f","b","t","f","f","won"
"t","t","f","f","f","t","f","f","t","l","t","f","t","n","f","f","f","t","f","w","t","f","f","won"
"t","t","f","f","f","t","f","f","t","l","t","f","t","n","f","f","f","t","f","b","t","f","f","won"
"t","t","f","f","f","t","t","f","t","l","t","f","t","n","f","f","f","f","f","w","t","f","f","won"
"t","t","f","f","f","t","t","f","t","l","t","f","t","n","f","f","f","f","f","b","t","f","f","won"
"t","t","t","f","f","t","f","f","t","l","t","f","t","n","f","f","f","f","f","b","t","f","f","won"
"t","t","t","f","f","t","f","f","t","l","t","f","t","n","f","f","f","t","f","w","t","f","f","won"
"t","t","t","f","f","t","t","f","t","l","t","f","t","n","f","f","f","f","f","w","t","f","f","won"
"t","t","t","f","f","t","t","f","t","l","t","f","t","n","f","f","f","f","f","b","t","f","f","won"
"t","t","t","f","f","t","t","t","t","l","t","f","t","n","f","f","f","f","f","w","t","f","f","won"
"t","t","f","f","f","t","t","f","t","l","t","f","f","n","f","f","f","f","f","w","t","f","f","won"
"t","f","f","f","f","t","f","f","f","l","t","f","t","n","f","f","f","f","f","n","f","f","f","won"
"t","f","f","f","f","f","f","f","f","l","t","f","t","n","f","f","f","f","f","n","f","f","f","won"
"t","f","f","f","f","f","f","f","f","l","t","f","t","n","f","f","f","f","f","n","f","f","t","won"
"t","f","f","f","f","f","f","t","f","l","t","f","t","n","f","f","f","f","f","n","f","f","f","won"
"t","f","f","f","f","t","f","t","f","l","t","f","t","n","f","f","f","f","f","n","f","f","t","won"
"t","f","f","f","f","t","t","f","f","l","t","f","t","n","f","f","f","f","f","n","f","f","f","won"
"t","f","f","f","f","f","t","f","f","l","t","f","t","n","f","f","f","f","f","n","f","f","f","won"
"t","f","f","f","f","t","t","t","f","l","t","f","t","n","f","f","f","f","f","n","f","f","f","won"
"t","f","f","f","f","f","t","t","f","l","t","f","t","n","f","f","f","f","f","n","f","f","f","won"
"t","f","f","f","t","f","f","f","f","l","t","f","t","n","f","f","f","f","f","n","f","f","f","won"
"t","f","t","f","f","t","f","f","f","l","t","f","t","n","f","f","f","f","f","n","f","f","f","won"
"t","f","t","f","f","f","f","f","f","l","t","f","t","n","f","f","f","f","f","n","f","f","f","won"
"t","f","t","f","f","f","f","f","f","l","t","f","t","n","f","f","f","f","f","n","f","f","f","won"
"t","f","t","f","f","f","f","f","f","l","t","f","t","n","f","f","f","f","f","n","f","f","t","won"
"t","f","t","f","f","f","f","t","f","l","t","f","t","n","f","f","f","f","f","n","f","f","t","won"
"t","f","t","f","f","f","t","t","f","l","t","f","t","n","f","f","f","f","f","n","f","f","f","won"
"t","f","t","f","t","f","f","f","f","l","t","f","t","n","f","f","f","f","f","n","f","f","f","won"
"t","t","f","f","f","f","f","f","f","l","t","f","t","n","f","f","f","t","f","n","f","f","f","won"
"t","t","f","f","f","f","t","t","f","l","t","f","t","n","f","f","f","f","f","n","f","f","f","won"
"t","t","t","f","f","f","f","f","f","l","t","f","t","n","f","f","f","t","f","n","f","f","f","won"
"t","t","t","f","f","f","f","f","f","l","t","f","t","n","f","f","f","t","f","n","f","f","t","won"
"t","t","t","f","f","f","t","f","f","l","t","f","t","n","f","f","f","f","f","n","f","f","f","won"
"t","t","t","f","f","f","t","t","f","l","t","f","t","n","f","f","f","f","f","n","f","f","f","won"
"t","t","t","t","f","f","f","f","f","l","t","f","t","n","f","t","f","t","f","n","f","f","f","won"
"t","t","f","f","f","f","f","f","f","l","t","f","f","n","f","f","f","t","f","n","f","f","f","won"
"t","t","f","f","f","f","t","f","f","l","t","f","f","n","f","f","f","f","t","n","f","f","f","won"
"t","t","f","f","f","f","t","t","f","l","t","f","f","n","f","f","f","f","f","n","f","f","f","won"
"t","t","f","f","t","f","f","f","f","l","t","f","f","n","f","f","f","t","f","n","f","f","f","won"
"t","t","t","f","f","f","f","f","f","l","t","f","f","n","f","f","f","t","f","n","f","f","f","won"
"t","t","t","f","f","f","t","f","f","l","t","f","f","n","f","f","f","f","f","n","f","f","f","won"
"t","t","t","f","f","f","t","t","f","l","t","f","f","n","f","f","f","f","f","n","f","f","f","won"
"t","t","t","f","t","f","f","f","f","l","t","f","f","n","f","f","f","t","f","n","f","f","f","won"
"t","t","f","f","f","f","f","f","f","l","t","f","t","n","f","f","f","t","f","w","f","f","f","won"
"t","t","f","f","f","t","t","t","f","l","t","f","t","n","f","f","f","f","f","w","f","f","f","won"
"t","t","f","f","f","f","t","t","f","l","t","f","t","n","f","f","f","f","f","w","f","f","f","won"
"t","t","f","t","f","t","t","f","f","l","t","f","t","n","f","t","f","f","f","w","f","f","f","won"
"t","t","t","f","f","f","f","f","f","l","t","f","t","n","f","f","f","t","f","w","f","f","f","won"
"t","t","t","f","f","f","t","f","f","l","t","f","t","n","f","f","f","f","f","w","f","f","f","won"
"t","t","t","f","f","t","t","t","f","l","t","f","t","n","f","f","f","f","f","w","f","f","f","won"
"t","t","t","f","f","f","t","t","f","l","t","f","t","n","f","f","f","f","f","w","f","f","f","won"
"t","t","f","f","f","f","t","t","f","l","t","f","f","n","f","f","f","f","f","w","f","f","f","won"
"t","t","t","f","f","t","t","f","f","l","t","f","f","n","f","f","f","f","f","w","f","f","f","won"
"t","t","t","f","f","f","t","f","f","l","t","f","f","n","f","f","f","f","f","w","f","f","f","won"
"t","t","t","f","f","t","t","t","f","l","t","f","f","n","f","f","f","f","f","w","f","f","f","won"
"t","t","f","f","f","f","f","t","f","l","t","f","t","n","f","f","f","f","f","n","t","f","f","won"
"t","f","f","t","f","f","t","f","t","l","t","f","t","n","t","f","f","f","f","n","f","f","f","won"
"t","f","f","t","f","t","t","t","t","l","t","f","t","n","t","f","f","f","f","n","f","f","f","won"
"t","f","f","t","f","f","t","t","t","l","t","f","t","n","t","f","f","f","f","n","f","f","f","won"
"t","f","f","t","f","t","t","f","t","l","t","f","t","n","t","t","f","f","f","n","f","f","f","won"
"t","f","f","t","f","t","t","t","t","l","t","f","t","n","t","t","f","f","f","n","f","f","f","won"
"t","t","f","t","f","f","t","f","t","l","t","f","t","n","t","f","f","f","f","n","f","f","f","won"
"t","t","f","t","f","f","t","f","t","l","t","f","t","n","t","f","f","f","f","n","f","f","t","won"
"t","t","f","t","f","t","t","f","t","l","t","f","t","n","t","t","f","f","f","n","f","f","f","won"
"t","t","f","t","f","f","t","f","t","l","t","f","f","n","t","f","f","f","f","n","f","f","f","won"
"t","t","f","t","f","t","t","f","t","l","t","f","f","n","t","t","f","f","f","n","f","f","f","won"
"t","t","f","t","f","f","t","f","t","l","t","f","t","n","t","f","f","f","f","w","f","f","f","won"
"t","t","f","t","f","t","t","f","t","l","t","f","t","n","t","t","f","f","f","w","f","f","f","won"
"t","t","f","t","f","t","t","f","t","l","t","f","f","n","t","f","f","f","f","w","f","f","f","won"
"t","t","f","t","f","t","t","t","t","l","t","f","t","n","t","f","f","f","f","n","t","f","f","won"
"t","f","f","t","f","f","t","t","f","l","t","f","t","n","t","f","f","f","f","n","f","f","f","won"
"t","t","t","t","f","f","t","f","f","l","t","f","t","n","t","f","f","f","f","n","f","f","f","won"
"t","t","f","f","f","t","f","f","t","l","t","f","t","n","f","f","f","t","f","n","t","f","f","won"
"f","f","f","f","f","t","f","f","t","l","f","f","t","n","f","f","f","f","f","n","f","f","f","won"
"f","f","f","f","f","t","f","t","t","l","f","f","t","n","f","f","f","f","f","n","f","f","f","won"
"f","f","f","f","f","t","t","t","t","l","f","f","t","n","f","f","f","f","f","n","f","f","f","won"
"f","f","f","t","f","t","f","f","t","l","f","f","t","n","f","t","f","f","f","n","f","f","f","won"
"f","f","f","t","f","t","f","t","t","l","f","f","t","n","f","t","f","f","f","n","f","f","f","won"
"f","f","t","f","f","t","f","f","t","l","f","f","t","n","f","f","f","f","f","n","f","f","f","won"
"f","f","t","f","f","t","f","t","t","l","f","f","t","n","f","f","f","f","f","n","f","f","f","won"
"f","f","t","f","f","t","f","f","t","l","f","f","t","n","f","f","f","f","f","n","f","f","f","won"
"f","f","t","f","f","t","t","t","t","l","f","f","t","n","f","f","f","f","f","n","f","f","f","won"
"f","f","t","t","f","t","f","f","t","l","f","f","t","n","f","t","f","f","f","n","f","f","f","won"
"f","f","t","t","f","t","f","t","t","l","f","f","t","n","f","t","f","f","f","n","f","f","f","won"
"f","f","t","t","f","t","t","f","t","l","f","f","t","n","f","t","f","f","f","n","f","f","f","won"
"f","f","f","f","f","t","f","f","f","l","f","f","t","n","f","f","f","f","f","n","f","f","f","won"
"f","f","f","f","f","f","f","f","f","l","f","f","t","n","f","f","f","f","f","n","f","f","f","won"
"f","f","f","f","f","t","f","t","f","l","f","f","t","n","f","f","f","f","f","n","f","f","f","won"
"f","f","f","f","f","t","t","t","f","l","f","f","t","n","f","f","f","f","f","n","f","f","f","won"
"f","f","f","f","f","f","t","t","f","l","f","f","t","n","f","f","f","f","f","n","f","f","f","won"
"f","f","f","f","t","f","f","f","f","l","f","f","t","n","f","f","f","f","f","n","f","f","f","won"
"f","f","f","f","t","f","f","f","f","l","f","f","t","n","f","f","f","f","f","n","f","f","f","won"
"f","f","f","t","f","t","f","f","f","l","f","f","t","n","f","t","f","f","f","n","f","f","f","won"
"f","f","f","t","f","t","f","t","f","l","f","f","t","n","f","t","f","f","f","n","f","f","f","won"
"f","f","t","f","f","t","f","f","f","l","f","f","t","n","f","f","f","f","f","n","f","f","f","won"
"f","f","t","f","f","f","f","f","f","l","f","f","t","n","f","f","f","f","f","n","f","f","f","won"
"f","f","t","f","f","t","f","t","f","l","f","f","t","n","f","f","f","f","f","n","f","f","f","won"
"f","f","t","f","f","f","f","f","f","l","f","f","t","n","f","f","f","f","f","n","f","f","f","won"
"f","f","t","f","f","t","t","t","f","l","f","f","t","n","f","f","f","f","f","n","f","f","f","won"
"f","f","t","f","f","f","t","t","f","l","f","f","t","n","f","f","f","f","f","n","f","f","f","won"
"f","f","t","f","t","f","f","f","f","l","f","f","t","n","f","f","f","f","f","n","f","f","f","won"
"f","f","t","t","f","t","f","f","f","l","f","f","t","n","f","t","f","f","f","n","f","f","f","won"
"f","f","f","t","f","t","t","t","t","l","f","f","t","n","t","f","f","f","f","n","f","f","f","won"
"f","f","f","t","f","t","t","t","t","l","f","f","t","n","t","t","f","f","f","n","f","f","f","won"
"f","f","t","t","f","t","t","t","t","l","f","f","t","n","t","f","f","f","f","n","f","f","f","won"
"f","f","t","t","f","t","t","t","f","l","f","f","t","n","t","f","f","f","f","n","f","f","f","won"
"f","f","f","f","f","t","f","f","t","l","f","f","t","n","f","f","f","f","f","n","f","f","f","won"
"f","f","t","f","f","t","f","f","t","l","f","f","t","n","f","f","f","f","f","n","f","f","f","won"
"t","f","f","f","f","t","f","f","t","l","f","f","t","n","f","f","f","f","f","n","f","f","f","won"
"t","f","f","f","f","f","f","f","t","l","f","f","t","n","f","f","f","f","f","n","f","f","f","won"
"t","f","f","f","f","f","f","f","t","l","f","f","t","n","f","f","f","f","f","n","f","f","t","won"
"t","f","f","f","f","t","f","t","t","l","f","f","t","n","f","f","f","f","f","n","f","f","f","won"
"t","f","f","f","f","f","f","t","t","l","f","f","t","n","f","f","f","f","f","n","f","f","f","won"
"t","f","f","f","f","t","f","t","t","l","f","f","t","n","f","f","f","f","f","n","f","f","t","won"
"t","f","f","f","f","f","f","t","t","l","f","f","t","n","f","f","f","f","f","n","f","f","t","won"
"t","f","f","f","f","t","t","t","t","l","f","f","t","n","f","f","f","f","f","n","f","f","f","won"
"t","f","f","f","f","f","t","t","t","l","f","f","t","n","f","f","f","f","f","n","f","f","f","won"
"t","f","f","f","t","f","f","t","t","l","f","f","t","n","f","f","f","f","f","n","f","f","f","won"
"t","f","f","t","f","t","f","f","t","l","f","f","t","n","f","t","f","f","f","n","f","f","f","won"
"t","f","f","t","f","f","f","f","t","l","f","f","t","n","f","t","f","f","f","n","f","f","f","won"
"t","f","f","t","f","t","f","t","t","l","f","f","t","n","f","t","f","f","f","n","f","f","f","won"
"t","f","f","t","f","t","f","t","t","l","f","f","t","n","f","t","f","f","f","n","f","f","t","won"
"t","f","f","t","f","t","t","f","t","l","f","f","t","n","f","t","f","f","f","n","f","f","f","won"
"t","f","f","t","f","f","t","f","t","l","f","f","t","n","f","t","f","f","f","n","f","f","f","won"
"t","f","f","t","f","t","t","t","t","l","f","f","t","n","f","t","f","f","f","n","f","f","f","won"
"t","f","f","t","f","f","t","t","t","l","f","f","t","n","f","t","f","f","f","n","f","f","f","won"
"t","f","t","f","f","t","f","f","t","l","f","f","t","n","f","f","f","f","f","n","f","f","f","won"
"t","f","t","f","f","f","f","f","t","l","f","f","t","n","f","f","f","f","f","n","f","f","f","won"
"t","f","t","f","f","f","t","f","t","l","f","f","t","n","f","f","f","f","f","n","f","f","f","won"
"t","f","t","f","f","t","t","t","t","l","f","f","t","n","f","f","f","f","f","n","f","f","f","won"
"t","f","t","t","f","t","f","f","t","l","f","f","t","n","f","t","f","f","f","n","f","f","f","won"
"t","f","t","t","f","t","t","t","t","l","f","f","t","n","f","t","f","f","f","n","f","f","f","won"
"t","f","f","f","f","t","f","f","f","l","f","f","t","n","f","f","f","f","f","n","f","f","f","won"
"t","f","f","f","f","f","f","f","f","l","f","f","t","n","f","f","f","f","f","n","f","f","f","won"
"t","f","f","f","f","f","f","t","f","l","f","f","t","n","f","f","f","f","f","n","f","f","f","won"
"t","f","f","f","f","t","f","t","f","l","f","f","t","n","f","f","f","f","f","n","f","f","t","won"
"t","f","f","f","f","t","t","t","f","l","f","f","t","n","f","f","f","f","f","n","f","f","f","won"
"t","f","f","f","f","f","t","t","f","l","f","f","t","n","f","f","f","f","f","n","f","f","f","won"
"t","f","f","f","t","f","f","f","f","l","f","f","t","n","f","f","f","f","f","n","f","f","f","won"
"t","f","f","t","f","t","f","f","f","l","f","f","t","n","f","t","f","f","f","n","f","f","f","won"
"t","f","f","t","f","t","t","f","f","l","f","f","t","n","f","t","f","f","f","n","f","f","f","won"
"t","f","t","f","f","t","f","f","f","l","f","f","t","n","f","f","f","f","f","n","f","f","f","won"
"t","f","t","f","f","f","f","f","f","l","f","f","t","n","f","f","f","f","f","n","f","f","f","won"
"t","f","t","f","f","f","f","t","f","l","f","f","t","n","f","f","f","f","f","n","f","f","f","won"
"t","f","t","f","f","f","f","t","f","l","f","f","t","n","f","f","f","f","f","n","f","f","t","won"
"t","f","t","f","t","f","f","f","f","l","f","f","t","n","f","f","f","f","f","n","f","f","f","won"
"t","f","t","f","t","f","f","t","f","l","f","f","t","n","f","f","f","f","f","n","f","f","f","won"
"t","f","t","t","f","f","f","f","f","l","f","f","t","n","f","t","f","f","f","n","f","f","f","won"
"t","f","f","t","f","t","t","t","t","l","f","f","t","n","t","f","f","f","f","n","f","f","f","won"
"t","f","f","t","f","f","t","t","t","l","f","f","t","n","t","f","f","f","f","n","f","f","f","won"
"t","f","f","t","f","t","t","t","t","l","f","f","t","n","t","t","f","f","f","n","f","f","f","won"
"t","f","t","t","f","t","t","t","t","l","f","f","t","n","t","f","f","f","f","n","f","f","f","won"
"t","f","f","t","f","f","t","t","f","l","f","f","t","n","t","f","f","f","f","n","f","f","f","won"
"f","f","f","f","f","t","f","f","t","g","t","f","t","n","f","f","f","f","f","n","f","f","f","won"
"f","f","f","f","f","t","f","t","t","g","t","f","t","n","f","f","f","f","f","n","f","f","f","won"
"f","f","f","f","f","t","t","t","t","g","t","f","t","n","f","f","f","f","f","n","f","f","f","won"
"f","f","f","t","f","t","f","f","t","g","t","f","t","n","f","t","f","f","f","n","f","f","f","won"
"f","f","f","t","f","t","f","t","t","g","t","f","t","n","f","t","f","f","f","n","f","f","f","won"
"f","f","t","f","f","t","f","f","t","g","t","f","t","n","f","f","f","f","f","n","f","f","f","won"
"f","f","t","f","f","t","f","t","t","g","t","f","t","n","f","f","f","f","f","n","f","f","f","won"
"f","f","t","f","f","t","f","f","t","g","t","f","t","n","f","f","f","f","f","n","f","f","f","won"
"f","f","t","f","f","t","t","t","t","g","t","f","t","n","f","f","f","f","f","n","f","f","f","won"
"f","f","t","t","f","t","f","f","t","g","t","f","t","n","f","t","f","f","f","n","f","f","f","won"
"f","f","t","t","f","t","f","t","t","g","t","f","t","n","f","t","f","f","f","n","f","f","f","won"
"f","f","t","t","f","t","t","f","t","g","t","f","t","n","f","t","f","f","f","n","f","f","f","won"
"f","t","f","f","f","t","f","f","t","g","t","f","t","n","f","f","f","f","f","n","f","f","f","won"
"f","t","f","f","f","t","f","t","t","g","t","f","t","n","f","f","f","f","f","n","f","f","f","won"
"f","t","f","f","f","t","f","t","t","g","t","f","t","n","f","f","f","f","f","n","f","f","t","won"
"f","t","f","f","f","t","t","f","t","g","t","f","t","n","f","f","f","f","f","n","f","f","f","won"
"f","t","f","f","f","t","t","t","t","g","t","f","t","n","f","f","f","f","f","n","f","f","f","won"
"f","t","f","t","f","t","f","f","t","g","t","f","t","n","f","t","f","f","f","n","f","f","f","won"
"f","t","f","t","f","t","f","t","t","g","t","f","t","n","f","t","f","f","f","n","f","f","f","won"
"f","t","f","t","f","t","f","t","t","g","t","f","t","n","f","t","f","f","f","n","f","f","t","won"
"f","t","t","f","f","t","f","f","t","g","t","f","t","n","f","f","f","f","f","n","f","f","f","won"
"f","t","t","f","f","t","f","f","t","g","t","f","t","n","f","f","f","f","f","n","f","f","f","won"
"f","t","t","f","f","t","t","t","t","g","t","f","t","n","f","f","f","f","f","n","f","f","f","won"
"f","t","t","t","f","t","f","f","t","g","t","f","t","n","f","t","f","f","f","n","f","f","f","won"
"f","t","t","t","f","t","f","t","t","g","t","f","t","n","f","t","f","f","f","n","f","f","f","won"
"f","t","t","t","f","t","t","f","t","g","t","f","t","n","f","t","f","f","f","n","f","f","f","won"
"f","t","f","f","f","t","f","f","t","g","t","f","t","n","f","f","f","f","f","n","t","f","f","won"
"f","t","t","f","f","t","f","f","t","g","t","f","t","n","f","f","f","f","f","n","t","f","f","won"
"f","t","t","f","f","t","f","f","t","g","t","f","t","n","f","f","f","f","f","n","t","f","f","won"
"f","t","t","f","f","t","t","t","t","g","t","f","t","n","f","f","f","f","f","n","t","f","f","won"
"f","t","f","f","f","t","f","f","t","g","t","f","f","n","f","f","f","f","f","n","t","f","f","won"
"f","t","t","f","f","t","f","f","t","g","t","f","f","n","f","f","f","f","f","n","t","f","f","won"
"f","t","f","f","f","t","f","f","t","g","t","f","t","n","f","f","f","f","f","b","t","f","f","won"
"f","t","f","f","f","t","t","f","t","g","t","f","t","n","f","f","f","f","f","b","t","f","f","won"
"f","t","f","f","f","t","f","f","t","g","t","f","f","n","f","f","f","f","f","b","t","f","f","won"
"f","f","f","t","f","t","t","t","t","g","t","f","t","n","t","f","f","f","f","n","f","f","f","won"
"f","f","f","t","f","t","t","t","t","g","t","f","t","n","t","t","f","f","f","n","f","f","f","won"
"f","f","t","t","f","t","t","t","t","g","t","f","t","n","t","f","f","f","f","n","f","f","f","won"
"f","t","f","t","f","t","t","f","t","g","t","f","t","n","t","f","f","f","f","n","f","f","f","won"
"f","t","f","t","f","t","t","t","t","g","t","f","t","n","t","f","f","f","f","n","f","f","f","won"
"f","t","f","t","f","t","t","f","t","g","t","f","t","n","t","t","f","f","f","n","f","f","f","won"
"f","t","t","t","f","t","t","t","t","g","t","f","t","n","t","f","f","f","f","n","f","f","f","won"
"f","t","t","t","f","t","t","f","t","g","t","f","t","n","t","t","f","f","f","n","f","f","f","won"
"f","t","f","f","f","t","f","f","t","g","t","f","t","n","f","f","f","f","f","n","f","f","f","won"
"t","f","f","f","f","t","f","f","t","g","t","f","t","n","f","f","f","f","f","n","f","f","f","won"
"t","f","f","f","f","f","f","f","t","g","t","f","t","n","f","f","f","f","f","n","f","f","f","won"
"t","f","f","f","f","f","f","f","t","g","t","f","t","n","f","f","f","f","f","n","f","f","t","won"
"t","f","f","f","f","t","f","t","t","g","t","f","t","n","f","f","f","f","f","n","f","f","f","won"
"t","f","f","f","f","f","f","t","t","g","t","f","t","n","f","f","f","f","f","n","f","f","f","won"
"t","f","f","f","f","t","f","t","t","g","t","f","t","n","f","f","f","f","f","n","f","f","t","won"
"t","f","f","f","f","f","f","t","t","g","t","f","t","n","f","f","f","f","f","n","f","f","t","won"
"t","f","f","f","f","t","t","f","t","g","t","f","t","n","f","f","f","f","f","n","f","f","f","won"
"t","f","f","f","f","t","t","t","t","g","t","f","t","n","f","f","f","f","f","n","f","f","f","won"
"t","f","f","f","t","f","f","f","t","g","t","f","t","n","f","f","f","f","f","n","f","f","f","won"
"t","f","f","f","t","f","f","t","t","g","t","f","t","n","f","f","f","f","f","n","f","f","f","won"
"t","f","f","t","f","t","f","f","t","g","t","f","t","n","f","t","f","f","f","n","f","f","f","won"
"t","f","f","t","f","t","f","t","t","g","t","f","t","n","f","t","f","f","f","n","f","f","f","won"
"t","f","f","t","f","t","f","t","t","g","t","f","t","n","f","t","f","f","f","n","f","f","t","won"
"t","f","f","t","f","t","t","f","t","g","t","f","t","n","f","t","f","f","f","n","f","f","f","won"
"t","f","f","t","f","t","t","t","t","g","t","f","t","n","f","t","f","f","f","n","f","f","f","won"
"t","f","t","f","f","t","f","f","t","g","t","f","t","n","f","f","f","f","f","n","f","f","f","won"
"t","f","t","f","f","f","f","f","t","g","t","f","t","n","f","f","f","f","f","n","f","f","f","won"
"t","f","t","f","f","f","f","f","t","g","t","f","t","n","f","f","f","f","f","n","f","f","f","won"
"t","f","t","f","f","f","f","f","t","g","t","f","t","n","f","f","f","f","f","n","f","f","t","won"
"t","f","t","f","f","t","t","t","t","g","t","f","t","n","f","f","f","f","f","n","f","f","f","won"
"t","f","t","f","f","f","t","t","t","g","t","f","t","n","f","f","f","f","f","n","f","f","f","won"
"t","f","t","f","t","f","f","f","t","g","t","f","t","n","f","f","f","f","f","n","f","f","f","won"
"t","f","t","t","f","t","f","f","t","g","t","f","t","n","f","t","f","f","f","n","f","f","f","won"
"t","f","t","t","f","t","t","t","t","g","t","f","t","n","f","t","f","f","f","n","f","f","f","won"
"t","t","f","f","f","t","f","f","t","g","t","f","t","n","f","f","f","f","f","n","f","f","f","won"
"t","t","f","f","f","t","f","f","t","g","t","f","t","n","f","f","f","f","f","n","f","f","t","won"
"t","t","f","f","f","f","f","f","t","g","t","f","t","n","f","f","f","f","f","n","f","f","t","won"
"t","t","f","f","f","t","f","t","t","g","t","f","t","n","f","f","f","f","f","n","f","f","f","won"
"t","t","f","f","f","t","t","f","t","g","t","f","t","n","f","f","f","f","f","n","f","f","f","won"
"t","t","f","f","f","t","t","t","t","g","t","f","t","n","f","f","f","f","f","n","f","f","f","won"
"t","t","f","t","f","t","f","f","t","g","t","f","t","n","f","t","f","f","f","n","f","f","f","won"
"t","t","f","t","f","t","f","f","t","g","t","f","t","n","f","t","f","f","f","n","f","f","t","won"
"t","t","f","t","f","t","f","t","t","g","t","f","t","n","f","t","f","f","f","n","f","f","f","won"
"t","t","f","t","f","t","t","f","t","g","t","f","t","n","f","t","f","f","f","n","f","f","f","won"
"t","t","f","t","f","t","t","t","t","g","t","f","t","n","f","t","f","f","f","n","f","f","f","won"
"t","t","t","f","f","t","f","f","t","g","t","f","t","n","f","f","f","f","f","n","f","f","f","won"
"t","t","t","f","f","t","t","f","t","g","t","f","t","n","f","f","f","f","f","n","f","f","f","won"
"t","t","t","f","f","t","t","t","t","g","t","f","t","n","f","f","f","f","f","n","f","f","f","won"
"t","t","t","t","f","t","f","f","t","g","t","f","t","n","f","t","f","f","f","n","f","f","f","won"
"t","t","t","t","f","t","t","f","t","g","t","f","t","n","f","t","f","f","f","n","f","f","f","won"
"t","t","t","t","f","t","t","t","t","g","t","f","t","n","f","t","f","f","f","n","f","f","f","won"
"t","t","f","f","f","t","f","f","t","g","t","f","f","n","f","f","f","f","f","n","f","f","f","won"
"t","t","f","f","f","t","t","f","t","g","t","f","f","n","f","f","f","f","f","n","f","f","f","won"
"t","t","f","f","f","t","t","t","t","g","t","f","f","n","f","f","f","f","f","n","f","f","f","won"
"t","t","f","t","f","t","f","f","t","g","t","f","f","n","f","t","f","f","f","n","f","f","f","won"
"t","t","f","t","f","t","t","f","t","g","t","f","f","n","f","t","f","f","f","n","f","f","f","won"
"t","t","t","f","f","t","f","f","t","g","t","f","f","n","f","f","f","f","f","n","f","f","f","won"
"t","t","t","f","f","t","t","f","t","g","t","f","f","n","f","f","f","f","f","n","f","f","f","won"
"t","t","t","f","f","t","t","t","t","g","t","f","f","n","f","f","f","f","f","n","f","f","f","won"
"t","t","f","f","f","t","f","f","t","g","t","f","t","n","f","f","f","f","f","b","f","f","f","won"
"t","t","f","f","f","t","f","t","t","g","t","f","t","n","f","f","f","f","f","b","f","f","f","won"
"t","t","f","f","f","t","t","f","t","g","t","f","t","n","f","f","f","f","f","b","f","f","f","won"
"t","t","f","t","f","t","f","t","t","g","t","f","t","n","f","t","f","f","f","b","f","f","f","won"
"t","t","f","f","f","t","f","f","t","g","t","f","t","n","f","f","f","f","f","n","t","f","f","won"
"t","t","f","f","f","t","t","f","t","g","t","f","t","n","f","f","f","f","f","n","t","f","f","won"
"t","t","t","f","f","t","f","f","t","g","t","f","t","n","f","f","f","f","f","n","t","f","f","won"
"t","t","t","f","f","t","t","f","t","g","t","f","t","n","f","f","f","f","f","n","t","f","f","won"
"t","t","t","f","f","t","t","t","t","g","t","f","t","n","f","f","f","f","f","n","t","f","f","won"
"t","t","f","f","f","t","f","f","t","g","t","f","f","n","f","f","f","f","f","n","t","f","f","won"
"t","t","f","f","f","t","t","f","t","g","t","f","f","n","f","f","f","f","f","n","t","f","f","won"
"t","t","t","f","f","t","f","f","t","g","t","f","f","n","f","f","f","f","f","n","t","f","f","won"
"t","t","f","f","f","t","f","f","t","g","t","f","t","n","f","f","f","f","f","b","t","f","f","won"
"t","t","f","f","f","t","t","f","t","g","t","f","t","n","f","f","f","f","f","b","t","f","f","won"
"t","t","t","f","f","t","f","f","t","g","t","f","t","n","f","f","f","f","f","b","t","f","f","won"
"t","f","t","f","f","f","f","t","f","g","t","f","t","n","f","f","f","f","f","n","f","f","f","won"
"t","f","t","f","f","f","f","t","f","g","t","f","t","n","f","f","f","f","f","n","f","f","t","won"
"t","f","t","f","t","f","f","t","f","g","t","f","t","n","f","f","f","f","f","n","f","f","f","won"
"t","t","t","f","f","f","f","f","f","g","t","f","t","n","f","f","f","f","f","n","f","f","t","won"
"t","f","f","t","f","t","t","f","t","g","t","f","t","n","t","f","f","f","f","n","f","f","f","won"
"t","f","f","t","f","t","t","t","t","g","t","f","t","n","t","f","f","f","f","n","f","f","f","won"
"t","f","f","t","f","f","t","t","t","g","t","f","t","n","t","f","f","f","f","n","f","f","f","won"
"t","f","f","t","f","t","t","f","t","g","t","f","t","n","t","t","f","f","f","n","f","f","f","won"
"t","f","f","t","f","t","t","t","t","g","t","f","t","n","t","t","f","f","f","n","f","f","f","won"
"t","f","t","t","f","t","t","t","t","g","t","f","t","n","t","f","f","f","f","n","f","f","f","won"
"t","t","f","t","f","t","t","f","t","g","t","f","t","n","t","f","f","f","f","n","f","f","f","won"
"t","t","f","t","f","t","t","f","t","g","t","f","t","n","t","t","f","f","f","n","f","f","f","won"
"t","t","t","t","f","t","t","f","t","g","t","f","t","n","t","f","f","f","f","n","f","f","f","won"
"t","t","f","t","f","t","t","f","t","g","t","f","f","n","t","f","f","f","f","n","f","f","f","won"
"t","t","t","t","f","t","t","f","t","g","t","f","f","n","t","f","f","f","f","n","f","f","f","won"
"t","f","f","f","f","t","f","f","t","g","t","f","t","n","f","f","f","f","f","n","f","f","f","won"
"t","f","f","t","f","t","f","f","t","g","t","f","t","n","f","t","f","f","f","n","f","f","f","won"
"t","f","t","f","f","t","f","f","t","g","t","f","t","n","f","f","f","f","f","n","f","f","f","won"
"t","t","f","f","f","t","f","f","t","g","t","f","t","n","f","f","f","f","f","n","f","f","f","won"
"t","t","f","t","f","t","f","f","t","g","t","f","t","n","f","t","f","f","f","n","f","f","f","won"
"t","t","f","f","f","t","f","f","t","g","t","f","t","n","f","f","f","f","f","b","f","f","f","won"
"t","t","f","f","f","t","f","f","t","g","t","f","t","n","f","f","f","f","f","n","f","f","f","won"
"f","f","f","f","f","t","f","f","t","g","f","f","t","n","f","f","f","f","f","n","f","f","f","won"
"f","f","f","f","f","t","f","t","t","g","f","f","t","n","f","f","f","f","f","n","f","f","f","won"
"f","f","f","f","f","t","t","t","t","g","f","f","t","n","f","f","f","f","f","n","f","f","f","won"
"f","f","f","t","f","t","f","f","t","g","f","f","t","n","f","t","f","f","f","n","f","f","f","won"
"f","f","f","t","f","t","f","t","t","g","f","f","t","n","f","t","f","f","f","n","f","f","f","won"
"f","f","t","f","f","t","f","f","t","g","f","f","t","n","f","f","f","f","f","n","f","f","f","won"
"f","f","t","f","f","t","f","t","t","g","f","f","t","n","f","f","f","f","f","n","f","f","f","won"
"f","f","t","f","f","t","f","f","t","g","f","f","t","n","f","f","f","f","f","n","f","f","f","won"
"f","f","t","f","f","t","t","t","t","g","f","f","t","n","f","f","f","f","f","n","f","f","f","won"
"f","f","t","t","f","t","f","f","t","g","f","f","t","n","f","t","f","f","f","n","f","f","f","won"
"f","f","t","t","f","t","f","t","t","g","f","f","t","n","f","t","f","f","f","n","f","f","f","won"
"f","f","t","t","f","t","t","f","t","g","f","f","t","n","f","t","f","f","f","n","f","f","f","won"
"f","f","f","f","f","t","f","f","t","g","f","f","t","n","f","f","f","f","f","n","f","f","f","won"
"f","f","f","t","f","t","f","f","t","g","f","f","t","n","f","t","f","f","f","n","f","f","f","won"
"f","f","t","f","f","t","f","f","t","g","f","f","t","n","f","f","f","f","f","n","f","f","f","won"
"f","f","f","t","f","t","t","t","t","g","f","f","t","n","t","f","f","f","f","n","f","f","f","won"
"f","f","t","t","f","t","t","t","t","g","f","f","t","n","t","f","f","f","f","n","f","f","f","won"
"t","f","f","f","f","t","f","f","t","g","f","f","t","n","f","f","f","f","f","n","f","f","f","won"
"t","f","f","f","f","f","f","f","t","g","f","f","t","n","f","f","f","f","f","n","f","f","f","won"
"t","f","f","f","f","f","f","f","t","g","f","f","t","n","f","f","f","f","f","n","f","f","t","won"
"t","f","f","f","f","t","f","t","t","g","f","f","t","n","f","f","f","f","f","n","f","f","f","won"
"t","f","f","f","f","f","f","t","t","g","f","f","t","n","f","f","f","f","f","n","f","f","f","won"
"t","f","f","f","f","t","f","t","t","g","f","f","t","n","f","f","f","f","f","n","f","f","t","won"
"t","f","f","f","f","f","f","t","t","g","f","f","t","n","f","f","f","f","f","n","f","f","t","won"
"t","f","f","f","f","t","t","t","t","g","f","f","t","n","f","f","f","f","f","n","f","f","f","won"
"t","f","f","f","t","f","f","t","t","g","f","f","t","n","f","f","f","f","f","n","f","f","f","won"
"t","f","f","t","f","t","f","f","t","g","f","f","t","n","f","t","f","f","f","n","f","f","f","won"
"t","f","f","t","f","t","f","t","t","g","f","f","t","n","f","t","f","f","f","n","f","f","f","won"
"t","f","f","t","f","t","t","f","t","g","f","f","t","n","f","t","f","f","f","n","f","f","f","won"
"t","f","f","t","f","t","t","t","t","g","f","f","t","n","f","t","f","f","f","n","f","f","f","won"
"t","f","t","f","f","t","f","f","t","g","f","f","t","n","f","f","f","f","f","n","f","f","f","won"
"t","f","t","f","f","f","f","f","t","g","f","f","t","n","f","f","f","f","f","n","f","f","f","won"
"t","f","t","f","f","f","f","f","t","g","f","f","t","n","f","f","f","f","f","n","f","f","f","won"
"t","f","t","f","f","f","f","f","t","g","f","f","t","n","f","f","f","f","f","n","f","f","t","won"
"t","f","t","f","f","t","t","t","t","g","f","f","t","n","f","f","f","f","f","n","f","f","f","won"
"t","f","t","t","f","t","f","f","t","g","f","f","t","n","f","t","f","f","f","n","f","f","f","won"
"t","f","t","t","f","t","t","t","t","g","f","f","t","n","f","t","f","f","f","n","f","f","f","won"
"t","f","t","f","f","f","f","t","f","g","f","f","t","n","f","f","f","f","f","n","f","f","f","won"
"t","f","t","f","t","f","f","t","f","g","f","f","t","n","f","f","f","f","f","n","f","f","f","won"
"t","f","f","t","f","t","t","t","t","g","f","f","t","n","t","f","f","f","f","n","f","f","f","won"
"t","f","f","t","f","f","t","t","t","g","f","f","t","n","t","f","f","f","f","n","f","f","f","won"
"t","f","t","t","f","t","t","t","t","g","f","f","t","n","t","f","f","f","f","n","f","f","f","won"
"t","f","f","f","f","t","f","f","t","g","f","f","t","n","f","f","f","f","f","n","f","f","f","won"
"t","f","f","t","f","t","f","f","t","g","f","f","t","n","f","t","f","f","f","n","f","f","f","won"
"t","f","t","f","f","t","f","f","t","g","f","f","t","n","f","f","f","f","f","n","f","f","f","won"
"f","f","f","f","f","t","f","f","t","l","t","f","t","n","f","f","f","f","f","n","f","t","f","won"
"f","f","f","t","f","t","f","f","t","l","t","f","t","n","f","t","f","f","f","n","f","t","f","won"
"f","t","f","t","f","t","f","f","t","l","t","f","t","n","f","t","f","f","f","w","f","t","f","won"
"f","t","f","f","f","t","f","f","t","l","t","f","f","n","f","f","f","f","f","w","f","t","f","won"
"f","f","f","f","f","t","f","f","f","l","t","f","t","n","f","f","f","f","f","n","f","t","f","won"
"f","f","f","f","f","f","f","f","f","l","t","f","t","n","f","f","f","f","f","n","f","t","f","won"
"f","f","t","f","f","f","f","f","f","l","t","f","t","n","f","f","f","f","f","n","f","t","f","won"
"f","t","f","f","f","t","f","f","f","l","t","f","t","n","f","f","f","f","f","w","f","t","f","won"
"f","t","f","f","f","t","f","f","f","l","t","f","f","n","f","f","f","f","f","w","f","t","f","won"
"f","t","f","f","f","t","f","f","t","l","t","f","t","n","f","f","f","f","f","w","f","t","f","won"
"t","f","f","f","f","t","f","f","t","l","t","f","t","n","f","f","f","f","f","n","f","t","f","won"
"t","f","f","t","f","t","f","f","t","l","t","f","t","n","f","t","f","f","f","n","f","t","f","won"
"t","t","f","f","f","t","t","f","t","l","t","f","f","n","f","f","f","f","f","w","f","t","f","won"
"t","f","f","f","f","t","f","f","f","l","t","f","t","n","f","f","f","f","f","n","f","t","f","won"
"t","f","f","f","f","f","f","f","f","l","t","f","t","n","f","f","f","f","f","n","f","t","f","won"
"t","f","t","f","f","f","f","f","f","l","t","f","t","n","f","f","f","f","f","n","f","t","f","won"
"f","f","f","f","f","t","f","f","t","l","f","f","t","n","f","f","f","f","f","n","f","t","f","won"
"f","f","f","t","f","t","f","f","t","l","f","f","t","n","f","t","f","f","f","n","f","t","f","won"
"f","f","t","f","f","t","f","f","t","l","f","f","t","n","f","f","f","f","f","n","f","t","f","won"
"f","f","t","f","f","t","f","f","t","l","f","f","t","n","f","f","f","f","f","n","f","t","f","won"
"f","f","t","t","f","t","f","f","t","l","f","f","t","n","f","t","f","f","f","n","f","t","f","won"
"f","f","f","f","f","t","f","f","f","l","f","f","t","n","f","f","f","f","f","n","f","t","f","won"
"f","f","f","t","f","t","f","f","f","l","f","f","t","n","f","t","f","f","f","n","f","t","f","won"
"t","f","f","f","f","t","f","f","t","l","f","f","t","n","f","f","f","f","f","n","f","t","f","won"
"t","f","f","t","f","t","f","f","t","l","f","f","t","n","f","t","f","f","f","n","f","t","f","won"
"t","f","t","f","f","t","f","f","t","l","f","f","t","n","f","f","f","f","f","n","f","t","f","won"
"t","f","f","f","f","t","f","f","f","l","f","f","t","n","f","f","f","f","f","n","f","t","f","won"
"f","f","f","f","f","t","f","f","t","g","t","f","t","n","f","f","f","f","f","n","f","t","f","won"
"f","f","f","t","f","t","f","f","t","g","t","f","t","n","f","t","f","f","f","n","f","t","f","won"
"f","f","t","f","f","t","f","f","t","g","t","f","t","n","f","f","f","f","f","n","f","t","f","won"
"t","f","f","f","f","t","f","f","t","g","t","f","t","n","f","f","f","f","f","n","f","t","f","won"
"t","f","f","t","f","t","f","f","t","g","t","f","t","n","f","t","f","f","f","n","f","t","f","won"
"t","f","t","f","f","t","f","f","t","g","t","f","t","n","f","f","f","f","f","n","f","t","f","won"
"f","f","f","f","f","t","f","f","t","g","f","f","t","n","f","f","f","f","f","n","f","t","f","won"
"f","f","f","t","f","t","f","f","t","g","f","f","t","n","f","t","f","f","f","n","f","t","f","won"
"f","f","t","f","f","t","f","f","t","g","f","f","t","n","f","f","f","f","f","n","f","t","f","won"
"t","f","f","f","f","t","f","f","t","g","f","f","t","n","f","f","f","f","f","n","f","t","f","won"
"t","f","f","t","f","t","f","f","t","g","f","f","t","n","f","t","f","f","f","n","f","t","f","won"
"t","f","t","f","f","t","f","f","t","g","f","f","t","n","f","f","f","f","f","n","f","t","f","won"
"f","f","f","f","f","t","f","f","t","l","t","f","t","t","f","f","f","f","f","n","f","f","f","won"
"f","f","f","f","f","t","t","t","t","l","t","f","t","t","f","f","f","f","f","n","f","f","f","won"
"f","f","t","f","f","t","f","f","t","l","t","f","t","t","f","f","f","f","f","n","f","f","f","won"
"f","f","t","f","f","t","f","f","t","l","t","f","t","t","f","f","f","f","f","n","f","f","f","won"
"f","f","f","f","f","t","f","f","f","l","t","f","t","t","f","f","f","f","f","n","f","f","f","won"
"f","f","f","f","f","f","f","f","f","l","t","f","t","t","f","f","f","f","f","n","f","f","f","won"
"f","f","f","f","f","f","f","f","f","l","t","f","t","t","f","f","f","f","f","n","f","f","f","won"
"f","f","f","f","f","f","t","t","f","l","t","f","t","t","f","f","f","f","f","n","f","f","f","won"
"f","f","f","f","t","f","f","f","f","l","t","f","t","t","f","f","f","f","f","n","f","f","f","won"
"f","f","t","f","f","t","f","f","f","l","t","f","t","t","f","f","f","f","f","n","f","f","f","won"
"f","f","t","f","f","f","f","f","f","l","t","f","t","t","f","f","f","f","f","n","f","f","f","won"
"f","f","t","f","f","f","f","f","f","l","t","f","t","t","f","f","f","f","f","n","f","f","f","won"
"f","f","t","f","t","f","f","f","f","l","t","f","t","t","f","f","f","f","f","n","f","f","f","won"
"f","f","f","t","f","t","t","t","t","l","t","f","t","t","t","f","f","f","f","n","f","f","f","won"
"f","f","f","t","f","f","t","t","f","l","t","f","t","t","t","f","f","f","f","n","f","f","f","won"
"t","f","f","f","f","t","f","f","t","l","t","f","t","t","f","f","f","f","f","n","f","f","f","won"
"t","f","f","f","f","f","f","f","t","l","t","f","t","t","f","f","f","f","f","n","f","f","f","won"
"t","f","f","f","f","f","t","f","t","l","t","f","t","t","f","f","f","f","f","n","f","f","f","won"
"t","f","f","f","f","t","t","t","t","l","t","f","t","t","f","f","f","f","f","n","f","f","f","won"
"t","f","f","f","f","f","t","t","t","l","t","f","t","t","f","f","f","f","f","n","f","f","f","won"
"t","f","t","f","f","t","f","f","t","l","t","f","t","t","f","f","f","f","f","n","f","f","f","won"
"t","f","f","f","f","f","f","f","f","l","t","f","t","t","f","f","f","f","f","n","f","f","f","won"
"t","f","f","f","t","f","f","f","f","l","t","f","t","t","f","f","f","f","f","n","f","f","f","won"
"t","f","f","f","t","f","f","t","f","l","t","f","t","t","f","f","f","f","f","n","f","f","f","won"
"t","f","t","f","f","t","f","f","f","l","t","f","t","t","f","f","f","f","f","n","f","f","f","won"
"t","f","t","f","f","f","f","f","f","l","t","f","t","t","f","f","f","f","f","n","f","f","f","won"
"t","f","t","f","f","f","f","f","f","l","t","f","t","t","f","f","f","f","f","n","f","f","f","won"
"t","f","t","f","f","f","f","f","f","l","t","f","t","t","f","f","f","f","f","n","f","f","f","won"
"t","f","t","f","f","f","f","f","f","l","t","f","t","t","f","f","f","f","f","n","f","f","t","won"
"t","f","t","f","f","f","t","f","f","l","t","f","t","t","f","f","f","f","f","n","f","f","f","won"
"t","f","t","f","f","f","t","t","f","l","t","f","t","t","f","f","f","f","f","n","f","f","f","won"
"t","f","t","f","t","f","f","f","f","l","t","f","t","t","f","f","f","f","f","n","f","f","f","won"
"t","f","f","t","f","f","t","f","t","l","t","f","t","t","t","f","f","f","f","n","f","f","f","won"
"t","f","f","t","f","t","t","t","t","l","t","f","t","t","t","f","f","f","f","n","f","f","f","won"
"t","f","f","t","f","f","t","t","t","l","t","f","t","t","t","f","f","f","f","n","f","f","f","won"
"t","f","t","t","f","f","t","f","f","l","t","f","t","t","t","f","f","f","f","n","f","f","f","won"
"f","f","f","f","f","t","f","f","t","l","f","f","t","t","f","f","f","f","f","n","f","f","f","won"
"f","f","f","f","f","t","f","t","t","l","f","f","t","t","f","f","f","f","f","n","f","f","f","won"
"f","f","f","f","f","t","f","t","t","l","f","f","t","t","f","f","f","f","f","n","f","f","f","won"
"f","f","f","f","f","t","t","t","t","l","f","f","t","t","f","f","f","f","f","n","f","f","f","won"
"f","f","f","t","f","t","f","f","t","l","f","f","t","t","f","t","f","f","f","n","f","f","f","won"
"f","f","t","f","f","t","f","f","t","l","f","f","t","t","f","f","f","f","f","n","f","f","f","won"
"f","f","t","f","f","t","f","t","t","l","f","f","t","t","f","f","f","f","f","n","f","f","f","won"
"f","f","t","f","f","t","f","f","t","l","f","f","t","t","f","f","f","f","f","n","f","f","f","won"
"f","f","t","f","f","t","t","t","t","l","f","f","t","t","f","f","f","f","f","n","f","f","f","won"
"f","f","t","t","f","t","f","f","t","l","f","f","t","t","f","t","f","f","f","n","f","f","f","won"
"f","f","f","f","f","t","f","f","f","l","f","f","t","t","f","f","f","f","f","n","f","f","f","won"
"f","f","f","f","f","f","f","f","f","l","f","f","t","t","f","f","f","f","f","n","f","f","f","won"
"f","f","f","f","f","t","f","t","f","l","f","f","t","t","f","f","f","f","f","n","f","f","f","won"
"f","f","f","f","f","f","t","t","f","l","f","f","t","t","f","f","f","f","f","n","f","f","f","won"
"f","f","f","f","t","f","f","f","f","l","f","f","t","t","f","f","f","f","f","n","f","f","f","won"
"f","f","t","f","f","t","f","f","f","l","f","f","t","t","f","f","f","f","f","n","f","f","f","won"
"f","f","t","f","f","f","f","f","f","l","f","f","t","t","f","f","f","f","f","n","f","f","f","won"
"f","f","t","f","t","f","f","f","f","l","f","f","t","t","f","f","f","f","f","n","f","f","f","won"
"f","f","f","t","f","t","t","t","t","l","f","f","t","t","t","f","f","f","f","n","f","f","f","won"
"f","f","t","t","f","t","t","t","t","l","f","f","t","t","t","f","f","f","f","n","f","f","f","won"
"t","f","f","f","f","t","f","f","t","l","f","f","t","t","f","f","f","f","f","n","f","f","f","won"
"t","f","f","f","f","f","f","f","t","l","f","f","t","t","f","f","f","f","f","n","f","f","f","won"
"t","f","f","f","f","f","f","f","t","l","f","f","t","t","f","f","f","f","f","n","f","f","t","won"
"t","f","f","f","f","t","f","t","t","l","f","f","t","t","f","f","f","f","f","n","f","f","t","won"
"t","f","f","f","f","f","f","t","t","l","f","f","t","t","f","f","f","f","f","n","f","f","t","won"
"t","f","f","f","f","t","t","t","t","l","f","f","t","t","f","f","f","f","f","n","f","f","f","won"
"t","f","f","f","f","f","t","t","t","l","f","f","t","t","f","f","f","f","f","n","f","f","f","won"
"t","f","f","f","t","f","f","t","t","l","f","f","t","t","f","f","f","f","f","n","f","f","f","won"
"t","f","f","t","f","t","f","f","t","l","f","f","t","t","f","t","f","f","f","n","f","f","f","won"
"t","f","f","t","f","f","f","f","t","l","f","f","t","t","f","t","f","f","f","n","f","f","f","won"
"t","f","f","t","f","f","t","f","t","l","f","f","t","t","f","t","f","f","f","n","f","f","f","won"
"t","f","t","f","f","t","f","f","t","l","f","f","t","t","f","f","f","f","f","n","f","f","f","won"
"t","f","t","f","f","f","f","f","t","l","f","f","t","t","f","f","f","f","f","n","f","f","f","won"
"t","f","t","f","f","f","f","f","t","l","f","f","t","t","f","f","f","f","f","n","f","f","t","won"
"t","f","t","f","f","t","t","t","t","l","f","f","t","t","f","f","f","f","f","n","f","f","f","won"
"t","f","t","t","f","t","f","f","t","l","f","f","t","t","f","t","f","f","f","n","f","f","f","won"
"t","f","f","f","f","t","f","f","f","l","f","f","t","t","f","f","f","f","f","n","f","f","f","won"
"t","f","f","f","f","f","f","f","f","l","f","f","t","t","f","f","f","f","f","n","f","f","f","won"
"t","f","f","f","f","t","f","t","f","l","f","f","t","t","f","f","f","f","f","n","f","f","t","won"
"t","f","f","f","t","f","f","f","f","l","f","f","t","t","f","f","f","f","f","n","f","f","f","won"
"t","f","f","f","t","t","f","f","f","l","f","f","t","t","f","f","f","f","f","n","f","f","f","won"
"t","f","f","f","t","f","f","t","f","l","f","f","t","t","f","f","f","f","f","n","f","f","f","won"
"t","f","t","f","f","t","f","f","f","l","f","f","t","t","f","f","f","f","f","n","f","f","f","won"
"t","f","t","f","f","f","f","f","f","l","f","f","t","t","f","f","f","f","f","n","f","f","f","won"
"t","f","t","f","f","f","t","t","f","l","f","f","t","t","f","f","f","f","f","n","f","f","f","won"
"t","f","t","f","t","f","f","f","f","l","f","f","t","t","f","f","f","f","f","n","f","f","f","won"
"t","f","t","f","t","f","f","t","f","l","f","f","t","t","f","f","f","f","f","n","f","f","f","won"
"t","f","f","t","f","t","t","t","t","l","f","f","t","t","t","f","f","f","f","n","f","f","f","won"
"f","f","f","f","f","t","f","f","t","g","t","f","t","t","f","f","f","f","f","n","f","f","f","won"
"f","f","f","f","f","t","f","t","t","g","t","f","t","t","f","f","f","f","f","n","f","f","f","won"
"f","f","f","f","f","t","f","t","t","g","t","f","t","t","f","f","f","f","f","n","f","f","f","won"
"f","f","f","f","f","t","t","t","t","g","t","f","t","t","f","f","f","f","f","n","f","f","f","won"
"f","f","t","f","f","t","f","f","t","g","t","f","t","t","f","f","f","f","f","n","f","f","f","won"
"f","f","t","f","f","t","f","f","t","g","t","f","t","t","f","f","f","f","f","n","f","f","f","won"
"f","f","f","f","f","f","f","f","f","g","t","f","t","t","f","f","f","f","f","n","f","f","f","won"
"f","f","f","f","f","f","f","f","f","g","t","f","t","t","f","f","f","f","f","n","f","f","f","won"
"f","f","t","f","f","f","f","f","f","g","t","f","t","t","f","f","f","f","f","n","f","f","f","won"
"f","f","f","t","f","t","t","t","t","g","t","f","t","t","t","f","f","f","f","n","f","f","f","won"
"t","f","f","f","f","t","f","f","t","g","t","f","t","t","f","f","f","f","f","n","f","f","f","won"
"t","f","f","f","f","f","f","f","t","g","t","f","t","t","f","f","f","f","f","n","f","f","f","won"
"t","f","f","f","f","f","f","f","t","g","t","f","t","t","f","f","f","f","f","n","f","f","f","won"
"t","f","f","f","f","f","f","f","t","g","t","f","t","t","f","f","f","f","f","n","f","f","t","won"
"t","f","f","f","f","t","t","f","t","g","t","f","t","t","f","f","f","f","f","n","f","f","f","won"
"t","f","f","f","f","t","t","t","t","g","t","f","t","t","f","f","f","f","f","n","f","f","f","won"
"t","f","t","f","f","t","f","f","t","g","t","f","t","t","f","f","f","f","f","n","f","f","f","won"
"t","f","t","f","f","f","f","f","t","g","t","f","t","t","f","f","f","f","f","n","f","f","f","won"
"t","f","t","f","f","t","t","f","t","g","t","f","t","t","f","f","f","f","f","n","f","f","f","won"
"t","f","t","f","f","t","t","t","t","g","t","f","t","t","f","f","f","f","f","n","f","f","f","won"
"t","f","t","f","f","f","f","f","f","g","t","f","t","t","f","f","f","f","f","n","f","f","f","won"
"t","f","f","t","f","t","t","f","t","g","t","f","t","t","t","f","f","f","f","n","f","f","f","won"
"t","f","f","t","f","t","t","t","t","g","t","f","t","t","t","f","f","f","f","n","f","f","f","won"
"t","f","t","t","f","t","t","f","t","g","t","f","t","t","t","f","f","f","f","n","f","f","f","won"
"f","f","f","f","f","t","f","f","t","g","f","f","t","t","f","f","f","f","f","n","f","f","f","won"
"f","f","f","f","f","t","f","t","t","g","f","f","t","t","f","f","f","f","f","n","f","f","f","won"
"f","f","f","f","f","t","t","t","t","g","f","f","t","t","f","f","f","f","f","n","f","f","f","won"
"f","f","f","t","f","t","f","f","t","g","f","f","t","t","f","t","f","f","f","n","f","f","f","won"
"f","f","f","t","f","t","f","t","t","g","f","f","t","t","f","t","f","f","f","n","f","f","f","won"
"f","f","t","f","f","t","f","f","t","g","f","f","t","t","f","f","f","f","f","n","f","f","f","won"
"f","f","t","f","f","t","f","t","t","g","f","f","t","t","f","f","f","f","f","n","f","f","f","won"
"f","f","t","f","f","t","f","f","t","g","f","f","t","t","f","f","f","f","f","n","f","f","f","won"
"f","f","t","f","f","t","t","t","t","g","f","f","t","t","f","f","f","f","f","n","f","f","f","won"
"f","f","t","t","f","t","f","f","t","g","f","f","t","t","f","t","f","f","f","n","f","f","f","won"
"t","f","f","f","f","t","f","f","t","g","f","f","t","t","f","f","f","f","f","n","f","f","f","won"
"t","f","f","f","f","f","f","f","t","g","f","f","t","t","f","f","f","f","f","n","f","f","t","won"
"t","f","f","f","f","t","f","t","t","g","f","f","t","t","f","f","f","f","f","n","f","f","t","won"
"t","f","f","f","f","t","t","t","t","g","f","f","t","t","f","f","f","f","f","n","f","f","f","won"
"t","f","f","t","f","t","f","f","t","g","f","f","t","t","f","t","f","f","f","n","f","f","f","won"
"t","f","t","f","f","t","f","f","t","g","f","f","t","t","f","f","f","f","f","n","f","f","f","won"
"t","f","t","f","f","t","t","t","t","g","f","f","t","t","f","f","f","f","f","n","f","f","f","won"
"t","f","t","t","f","t","f","f","t","g","f","f","t","t","f","t","f","f","f","n","f","f","f","won"
"f","f","f","f","f","t","f","f","t","l","t","f","t","t","f","f","f","f","f","n","f","t","f","won"
"f","f","f","f","t","f","f","f","f","l","t","f","t","t","f","f","f","f","f","n","f","t","f","won"
"f","f","t","f","f","f","f","f","f","l","t","f","t","t","f","f","f","f","f","n","f","t","f","won"
"t","f","f","f","f","t","f","f","t","l","t","f","t","t","f","f","f","f","f","n","f","t","f","won"
"t","f","f","f","t","f","f","f","f","l","t","f","t","t","f","f","f","f","f","n","f","t","f","won"
"t","f","t","f","f","f","f","f","f","l","t","f","t","t","f","f","f","f","f","n","f","t","f","won"
"f","f","f","f","f","t","f","f","t","l","f","f","t","t","f","f","f","f","f","n","f","t","f","won"
"f","f","f","t","f","t","f","f","t","l","f","f","t","t","f","t","f","f","f","n","f","t","f","won"
"f","f","t","f","f","t","f","f","t","l","f","f","t","t","f","f","f","f","f","n","f","t","f","won"
"f","f","f","f","f","t","f","f","f","l","f","f","t","t","f","f","f","f","f","n","f","t","f","won"
"f","f","f","f","t","f","f","f","f","l","f","f","t","t","f","f","f","f","f","n","f","t","f","won"
"t","f","f","f","f","t","f","f","t","l","f","f","t","t","f","f","f","f","f","n","f","t","f","won"
"t","f","t","f","f","t","f","f","t","l","f","f","t","t","f","f","f","f","f","n","f","t","f","won"
"t","f","f","f","f","t","f","f","t","g","t","f","t","t","f","f","f","f","f","n","f","t","f","won"
"t","f","t","f","f","t","f","f","t","g","t","f","t","t","f","f","f","f","f","n","f","t","f","won"
"f","f","f","f","f","t","f","f","t","g","f","f","t","t","f","f","f","f","f","n","f","t","f","won"
"f","f","t","f","f","t","f","f","t","g","f","f","t","t","f","f","f","f","f","n","f","t","f","won"
"f","f","f","f","f","t","f","f","t","l","t","f","t","n","f","f","t","f","f","n","f","f","f","won"
"f","f","f","f","t","t","f","f","t","l","t","f","t","n","f","f","t","f","f","n","f","f","f","won"
"f","f","f","t","f","t","f","f","t","l","t","f","t","n","f","t","t","f","f","n","f","f","f","won"
"f","f","t","f","f","t","f","f","t","l","t","f","t","n","f","f","t","f","f","n","f","f","f","won"
"f","f","t","f","t","t","f","f","t","l","t","f","t","n","f","f","t","f","f","n","f","f","f","won"
"f","f","t","t","f","t","f","f","t","l","t","f","t","n","f","t","t","f","f","n","f","f","f","won"
"f","f","f","f","f","f","f","f","f","l","t","f","t","n","f","f","t","f","f","n","f","f","f","won"
"f","f","f","f","f","f","f","t","f","l","t","f","t","n","f","f","t","f","f","n","f","f","f","won"
"f","f","f","f","t","f","f","f","f","l","t","f","t","n","f","f","t","f","f","n","f","f","f","won"
"f","f","t","f","f","f","f","f","f","l","t","f","t","n","f","f","t","f","f","n","f","f","f","won"
"f","f","t","f","f","f","f","t","f","l","t","f","t","n","f","f","t","f","f","n","f","f","f","won"
"f","f","t","f","f","f","f","f","f","l","t","f","t","n","f","f","t","f","f","n","f","f","f","won"
"f","f","t","f","t","f","f","f","f","l","t","f","t","n","f","f","t","f","f","n","f","f","f","won"
"t","f","f","f","f","t","f","f","t","l","t","f","t","n","f","f","t","f","f","n","f","f","f","won"
"t","f","f","f","t","t","f","f","t","l","t","f","t","n","f","f","t","f","f","n","f","f","f","won"
"t","f","f","t","f","t","f","f","t","l","t","f","t","n","f","t","t","f","f","n","f","f","f","won"
"t","f","t","f","f","t","f","f","t","l","t","f","t","n","f","f","t","f","f","n","f","f","f","won"
"t","f","t","f","t","t","f","f","t","l","t","f","t","n","f","f","t","f","f","n","f","f","f","won"
"t","f","f","f","f","f","f","f","f","l","t","f","t","n","f","f","t","f","f","n","f","f","f","won"
"t","f","f","f","f","f","f","t","f","l","t","f","t","n","f","f","t","f","f","n","f","f","f","won"
"t","f","f","f","f","f","f","t","f","l","t","f","t","n","f","f","t","f","f","n","f","f","t","won"
"t","f","t","f","f","f","f","f","f","l","t","f","t","n","f","f","t","f","f","n","f","f","f","won"
"f","f","f","f","f","t","f","f","t","l","f","f","t","n","f","f","t","f","f","n","f","f","f","won"
"f","f","f","f","t","t","f","f","t","l","f","f","t","n","f","f","t","f","f","n","f","f","f","won"
"f","f","f","t","f","t","f","f","t","l","f","f","t","n","f","t","t","f","f","n","f","f","f","won"
"f","f","f","t","t","t","f","f","t","l","f","f","t","n","f","t","t","f","f","n","f","f","f","won"
"f","f","t","f","f","t","f","f","t","l","f","f","t","n","f","f","t","f","f","n","f","f","f","won"
"f","f","t","f","t","t","f","f","t","l","f","f","t","n","f","f","t","f","f","n","f","f","f","won"
"f","f","t","t","f","t","f","f","t","l","f","f","t","n","f","t","t","f","f","n","f","f","f","won"
"f","f","t","t","t","t","f","f","t","l","f","f","t","n","f","t","t","f","f","n","f","f","f","won"
"f","f","f","f","f","f","f","f","f","l","f","f","t","n","f","f","t","f","f","n","f","f","f","won"
"f","f","f","f","f","f","f","t","f","l","f","f","t","n","f","f","t","f","f","n","f","f","f","won"
"f","f","f","f","t","f","f","f","f","l","f","f","t","n","f","f","t","f","f","n","f","f","f","won"
"f","f","f","f","t","f","f","t","f","l","f","f","t","n","f","f","t","f","f","n","f","f","f","won"
"f","f","f","t","t","t","f","f","f","l","f","f","t","n","f","t","t","f","f","n","f","f","f","won"
"f","f","t","f","f","f","f","f","f","l","f","f","t","n","f","f","t","f","f","n","f","f","f","won"
"f","f","t","f","f","f","f","t","f","l","f","f","t","n","f","f","t","f","f","n","f","f","f","won"
"f","f","t","f","t","f","f","f","f","l","f","f","t","n","f","f","t","f","f","n","f","f","f","won"
"f","f","t","f","t","f","f","t","f","l","f","f","t","n","f","f","t","f","f","n","f","f","f","won"
"t","f","f","f","f","t","f","f","t","l","f","f","t","n","f","f","t","f","f","n","f","f","f","won"
"t","f","f","f","t","t","f","f","t","l","f","f","t","n","f","f","t","f","f","n","f","f","f","won"
"t","f","f","t","f","t","f","f","t","l","f","f","t","n","f","t","t","f","f","n","f","f","f","won"
"t","f","f","t","t","t","f","f","t","l","f","f","t","n","f","t","t","f","f","n","f","f","f","won"
"t","f","t","f","f","t","f","f","t","l","f","f","t","n","f","f","t","f","f","n","f","f","f","won"
"t","f","t","f","t","t","f","f","t","l","f","f","t","n","f","f","t","f","f","n","f","f","f","won"
"t","f","t","f","t","t","t","t","t","l","f","f","t","n","f","f","t","f","f","n","f","f","f","won"
"t","f","f","f","f","f","f","f","f","l","f","f","t","n","f","f","t","f","f","n","f","f","f","won"
"t","f","f","f","f","f","f","t","f","l","f","f","t","n","f","f","t","f","f","n","f","f","f","won"
"t","f","f","f","f","f","t","t","f","l","f","f","t","n","f","f","t","f","f","n","f","f","f","won"
"t","f","f","f","t","f","f","f","f","l","f","f","t","n","f","f","t","f","f","n","f","f","f","won"
"t","f","f","f","t","f","f","t","f","l","f","f","t","n","f","f","t","f","f","n","f","f","f","won"
"t","f","f","f","t","f","t","f","f","l","f","f","t","n","f","f","t","f","f","n","f","f","f","won"
"t","f","f","t","t","t","f","f","f","l","f","f","t","n","f","t","t","f","f","n","f","f","f","won"
"t","f","t","f","f","f","f","f","f","l","f","f","t","n","f","f","t","f","f","n","f","f","f","won"
"t","f","t","f","t","f","f","f","f","l","f","f","t","n","f","f","t","f","f","n","f","f","f","won"
"f","f","f","f","f","t","f","f","t","g","t","f","t","n","f","f","t","f","f","n","f","f","f","won"
"f","f","f","f","t","t","f","f","t","g","t","f","t","n","f","f","t","f","f","n","f","f","f","won"
"f","f","t","f","f","t","f","f","t","g","t","f","t","n","f","f","t","f","f","n","f","f","f","won"
"f","f","t","f","f","t","f","f","t","g","t","f","t","n","f","f","t","f","f","n","f","f","f","won"
"f","f","t","f","t","t","f","f","t","g","t","f","t","n","f","f","t","f","f","n","f","f","f","won"
"f","f","t","f","t","t","f","f","t","g","t","f","t","n","f","f","t","f","f","n","f","f","f","won"
"t","f","f","f","f","t","f","f","t","g","t","f","t","n","f","f","t","f","f","n","f","f","f","won"
"t","f","f","f","t","t","f","f","t","g","t","f","t","n","f","f","t","f","f","n","f","f","f","won"
"t","f","t","f","f","t","f","f","t","g","t","f","t","n","f","f","t","f","f","n","f","f","f","won"
"t","f","t","f","t","t","f","f","t","g","t","f","t","n","f","f","t","f","f","n","f","f","f","won"
"f","f","f","f","f","t","f","f","t","g","f","f","t","n","f","f","t","f","f","n","f","f","f","won"
"f","f","f","f","t","t","f","f","t","g","f","f","t","n","f","f","t","f","f","n","f","f","f","won"
"f","f","t","f","f","t","f","f","t","g","f","f","t","n","f","f","t","f","f","n","f","f","f","won"
"f","f","t","f","f","t","f","f","t","g","f","f","t","n","f","f","t","f","f","n","f","f","f","won"
"f","f","t","f","t","t","f","f","t","g","f","f","t","n","f","f","t","f","f","n","f","f","f","won"
"t","f","f","f","f","t","f","f","t","g","f","f","t","n","f","f","t","f","f","n","f","f","f","won"
"t","f","f","f","t","t","f","f","t","g","f","f","t","n","f","f","t","f","f","n","f","f","f","won"
"t","f","t","f","f","t","f","f","t","g","f","f","t","n","f","f","t","f","f","n","f","f","f","won"
"t","f","t","f","f","t","t","t","t","g","f","f","t","n","f","f","t","f","f","n","f","f","f","won"
"t","f","t","f","t","t","f","f","t","g","f","f","t","n","f","f","t","f","f","n","f","f","f","won"
"f","f","f","f","t","t","f","f","t","l","t","f","t","n","f","f","t","f","f","n","f","t","f","won"
"f","f","f","t","f","t","f","f","t","l","t","f","t","n","f","t","t","f","f","n","f","t","f","won"
"f","f","f","f","f","f","f","f","f","l","t","f","t","n","f","f","t","f","f","n","f","t","f","won"
"t","f","f","f","t","t","f","f","t","l","t","f","t","n","f","f","t","f","f","n","f","t","f","won"
"t","f","f","t","f","t","f","f","t","l","t","f","t","n","f","t","t","f","f","n","f","t","f","won"
"t","f","f","f","f","f","f","f","f","l","t","f","t","n","f","f","t","f","f","n","f","t","f","won"
"f","f","f","f","t","t","f","f","t","l","f","f","t","n","f","f","t","f","f","n","f","t","f","won"
"f","f","f","f","f","f","f","f","f","l","f","f","t","n","f","f","t","f","f","n","f","t","f","won"
"t","f","f","f","t","t","f","f","t","l","f","f","t","n","f","f","t","f","f","n","f","t","f","won"
"t","f","f","f","f","f","f","f","f","l","f","f","t","n","f","f","t","f","f","n","f","t","f","won"
"f","f","f","f","f","t","f","f","t","g","t","f","t","n","f","f","t","f","f","n","f","t","f","won"
"f","f","f","f","t","t","f","f","t","g","t","f","t","n","f","f","t","f","f","n","f","t","f","won"
"t","f","f","f","f","t","f","f","t","g","t","f","t","n","f","f","t","f","f","n","f","t","f","won"
"t","f","f","f","t","t","f","f","t","g","t","f","t","n","f","f","t","f","f","n","f","t","f","won"
"f","f","f","f","f","t","f","f","t","g","f","f","t","n","f","f","t","f","f","n","f","t","f","won"
"f","f","f","f","t","t","f","f","t","g","f","f","t","n","f","f","t","f","f","n","f","t","f","won"
"t","f","f","f","f","t","f","f","t","g","f","f","t","n","f","f","t","f","f","n","f","t","f","won"
"t","f","f","f","t","t","f","f","t","g","f","f","t","n","f","f","t","f","f","n","f","t","f","won"
"f","f","f","f","f","t","f","f","t","l","t","f","t","t","f","f","t","f","f","n","f","f","f","won"
"f","f","f","t","t","t","f","f","t","l","t","f","t","t","f","t","t","f","f","n","f","f","f","won"
"f","f","t","f","f","t","f","f","t","l","t","f","t","t","f","f","t","f","f","n","f","f","f","won"
"f","f","t","t","t","t","f","f","t","l","t","f","t","t","f","t","t","f","f","n","f","f","f","won"
"f","f","f","f","f","t","f","f","f","l","t","f","t","t","f","f","t","f","f","n","f","f","f","won"
"f","f","f","f","f","f","f","f","f","l","t","f","t","t","f","f","t","f","f","n","f","f","f","won"
"f","f","f","f","t","f","f","f","f","l","t","f","t","t","f","f","t","f","f","n","f","f","f","won"
"f","f","f","f","t","f","f","t","f","l","t","f","t","t","f","f","t","f","f","n","f","f","f","won"
"f","f","t","f","f","f","f","f","f","l","t","f","t","t","f","f","t","f","f","n","f","f","f","won"
"f","f","t","f","t","f","f","f","f","l","t","f","t","t","f","f","t","f","f","n","f","f","f","won"
"t","f","f","f","f","t","f","f","t","l","t","f","t","t","f","f","t","f","f","n","f","f","f","won"
"t","f","f","t","t","t","f","f","t","l","t","f","t","t","f","t","t","f","f","n","f","f","f","won"
"t","f","t","f","f","t","f","f","t","l","t","f","t","t","f","f","t","f","f","n","f","f","f","won"
"t","f","t","t","t","t","f","f","t","l","t","f","t","t","f","t","t","f","f","n","f","f","f","won"
"t","f","f","f","f","t","f","f","f","l","t","f","t","t","f","f","t","f","f","n","f","f","f","won"
"t","f","f","f","t","f","f","f","f","l","t","f","t","t","f","f","t","f","f","n","f","f","f","won"
"t","f","f","f","t","f","f","t","f","l","t","f","t","t","f","f","t","f","f","n","f","f","f","won"
"t","f","t","f","t","f","f","f","f","l","t","f","t","t","f","f","t","f","f","n","f","f","f","won"
"f","f","f","f","f","t","f","f","t","l","f","f","t","t","f","f","t","f","f","n","f","f","f","won"
"f","f","f","f","t","t","f","f","t","l","f","f","t","t","f","f","t","f","f","n","f","f","f","won"
"f","f","t","f","f","t","f","f","t","l","f","f","t","t","f","f","t","f","f","n","f","f","f","won"
"f","f","t","f","t","t","f","f","t","l","f","f","t","t","f","f","t","f","f","n","f","f","f","won"
"f","f","f","f","f","f","f","f","f","l","f","f","t","t","f","f","t","f","f","n","f","f","f","won"
"f","f","f","f","f","f","f","t","f","l","f","f","t","t","f","f","t","f","f","n","f","f","f","won"
"f","f","f","f","t","f","f","f","f","l","f","f","t","t","f","f","t","f","f","n","f","f","f","won"
"f","f","t","f","f","f","f","f","f","l","f","f","t","t","f","f","t","f","f","n","f","f","f","won"
"t","f","f","f","f","t","f","f","t","l","f","f","t","t","f","f","t","f","f","n","f","f","f","won"
"t","f","f","f","t","t","f","f","t","l","f","f","t","t","f","f","t","f","f","n","f","f","f","won"
"t","f","t","f","f","t","f","f","t","l","f","f","t","t","f","f","t","f","f","n","f","f","f","won"
"t","f","t","f","t","t","f","f","t","l","f","f","t","t","f","f","t","f","f","n","f","f","f","won"
"t","f","f","f","f","f","f","f","f","l","f","f","t","t","f","f","t","f","f","n","f","f","f","won"
"t","f","f","f","t","f","f","f","f","l","f","f","t","t","f","f","t","f","f","n","f","f","f","won"
"f","f","f","f","f","t","f","f","t","l","t","t","t","n","f","f","t","f","f","n","f","f","f","won"
"f","f","f","f","f","t","f","t","t","l","t","t","t","n","f","f","t","f","f","n","f","f","f","won"
"f","f","t","f","f","t","f","t","t","l","t","t","t","n","f","f","t","f","f","n","f","f","f","won"
"f","t","f","f","t","t","f","f","t","l","t","t","t","n","f","f","t","f","f","w","f","f","f","won"
"f","t","t","f","t","t","f","f","t","l","t","t","t","n","f","f","t","f","f","w","f","f","f","won"
"f","t","f","f","t","t","f","f","t","l","t","t","f","n","f","f","t","f","f","w","f","f","f","won"
"f","f","f","f","f","t","f","f","f","l","t","t","t","n","f","f","t","f","f","n","f","f","f","won"
"f","f","f","f","f","t","f","t","f","l","t","t","t","n","f","f","t","f","f","n","f","f","f","won"
"f","t","f","f","f","t","f","f","f","l","t","t","t","n","f","f","t","f","t","n","f","f","f","won"
"f","t","f","f","f","t","f","t","f","l","t","t","t","n","f","f","t","f","t","n","f","f","f","won"
"t","f","f","f","f","t","f","f","t","l","t","t","t","n","f","f","t","f","f","n","f","f","f","won"
"t","f","f","f","f","t","f","t","t","l","t","t","t","n","f","f","t","f","f","n","f","f","t","won"
"t","f","t","f","f","t","f","f","t","l","t","t","t","n","f","f","t","f","f","n","f","f","f","won"
"t","t","f","f","t","t","t","f","t","l","t","t","t","n","f","f","t","f","f","n","f","f","f","won"
"t","t","f","f","f","t","f","f","f","l","t","t","t","n","f","f","t","f","t","n","f","f","f","won"
"t","t","t","f","f","t","f","f","f","l","t","t","t","n","f","f","t","f","t","n","f","f","f","won"
"t","f","f","t","f","t","t","t","t","l","t","t","t","n","t","f","t","f","f","n","f","f","f","won"
"f","f","f","f","f","t","f","f","f","l","f","t","t","n","f","f","t","f","f","n","f","f","f","won"
"t","f","t","f","f","t","f","f","f","l","f","t","t","n","f","f","t","f","f","n","f","f","f","won"
"f","f","f","f","f","t","f","f","t","g","t","t","t","n","f","f","t","f","f","n","f","f","f","won"
"f","f","f","f","f","t","f","t","t","g","t","t","t","n","f","f","t","f","f","n","f","f","f","won"
"f","f","t","f","f","t","f","t","t","g","t","t","t","n","f","f","t","f","f","n","f","f","f","won"
"f","t","f","f","f","t","f","f","t","g","t","t","t","n","f","f","t","f","f","n","f","f","f","won"
"f","t","f","f","f","t","f","t","t","g","t","t","t","n","f","f","t","f","f","n","f","f","f","won"
"f","t","f","f","t","t","f","f","t","g","t","t","t","n","f","f","t","f","f","n","f","f","f","won"
"f","t","t","f","f","t","f","t","t","g","t","t","t","n","f","f","t","f","f","n","f","f","f","won"
"f","t","t","f","t","t","f","f","t","g","t","t","t","n","f","f","t","f","f","n","f","f","f","won"
"f","f","f","f","f","t","f","f","t","g","t","t","t","n","f","f","t","f","f","n","f","f","f","won"
"t","f","f","f","f","t","f","f","t","g","t","t","t","n","f","f","t","f","f","n","f","f","f","won"
"t","f","f","f","f","t","f","t","t","g","t","t","t","n","f","f","t","f","f","n","f","f","f","won"
"t","f","f","f","f","t","t","t","t","g","t","t","t","n","f","f","t","f","f","n","f","f","f","won"
"t","f","t","f","f","t","f","f","t","g","t","t","t","n","f","f","t","f","f","n","f","f","f","won"
"t","t","f","f","f","t","f","f","t","g","t","t","t","n","f","f","t","f","f","n","f","f","f","won"
"t","t","f","f","f","t","f","t","t","g","t","t","t","n","f","f","t","f","f","n","f","f","f","won"
"t","t","f","f","f","t","t","t","t","g","t","t","t","n","f","f","t","f","f","n","f","f","f","won"
"t","t","f","f","t","t","f","f","t","g","t","t","t","n","f","f","t","f","f","n","f","f","f","won"
"t","t","f","f","t","t","t","f","t","g","t","t","t","n","f","f","t","f","f","n","f","f","f","won"
"t","t","t","f","f","t","f","f","t","g","t","t","t","n","f","f","t","f","f","n","f","f","f","won"
"t","f","f","f","f","t","f","f","t","g","t","t","t","n","f","f","t","f","f","n","f","f","f","won"
"f","f","f","f","f","t","f","f","t","g","f","t","t","n","f","f","t","f","f","n","f","f","f","won"
"f","f","f","f","f","t","f","t","t","g","f","t","t","n","f","f","t","f","f","n","f","f","f","won"
"f","f","t","f","f","t","f","t","t","g","f","t","t","n","f","f","t","f","f","n","f","f","f","won"
"t","f","f","f","f","t","f","f","t","g","f","t","t","n","f","f","t","f","f","n","f","f","f","won"
"t","f","f","f","f","t","f","t","t","g","f","t","t","n","f","f","t","f","f","n","f","f","f","won"
"t","f","f","f","f","t","t","t","t","g","f","t","t","n","f","f","t","f","f","n","f","f","f","won"
"t","f","t","f","f","t","f","f","t","g","f","t","t","n","f","f","t","f","f","n","f","f","f","won"
"f","f","f","f","f","t","f","f","t","l","t","t","t","n","f","f","t","f","f","n","f","t","f","won"
"f","f","f","f","f","t","f","f","f","l","t","t","t","n","f","f","t","f","f","n","f","t","f","won"
"f","f","f","f","f","t","f","f","t","g","t","t","t","n","f","f","t","f","f","n","f","t","f","won"
"t","f","f","f","f","t","f","f","t","g","t","t","t","n","f","f","t","f","f","n","f","t","f","won"
"f","f","f","f","f","t","f","f","t","l","t","t","t","t","f","f","t","f","f","n","f","f","f","won"
"f","f","t","f","f","t","f","f","t","l","t","t","t","t","f","f","t","f","f","n","f","f","f","won"
"f","f","f","f","f","t","f","f","f","l","t","t","t","t","f","f","t","f","f","n","f","f","f","won"
"f","f","t","f","f","t","f","f","f","l","t","t","t","t","f","f","t","f","f","n","f","f","f","won"
"t","f","f","f","f","t","f","f","t","l","t","t","t","t","f","f","t","f","f","n","f","f","f","won"
"t","f","t","f","f","t","f","f","t","l","t","t","t","t","f","f","t","f","f","n","f","f","f","won"
"t","f","f","f","f","t","f","f","f","l","t","t","t","t","f","f","t","f","f","n","f","f","f","won"
"f","f","f","f","f","t","f","f","t","l","f","t","t","t","f","f","t","f","f","n","f","f","f","won"
"f","f","f","f","f","t","f","t","t","l","f","t","t","t","f","f","t","f","f","n","f","f","f","won"
"f","f","f","f","f","t","t","t","t","l","f","t","t","t","f","f","t","f","f","n","f","f","f","won"
"f","f","f","f","t","t","f","f","t","l","f","t","t","t","f","f","t","f","f","n","f","f","f","won"
"f","f","t","f","f","t","f","f","t","l","f","t","t","t","f","f","t","f","f","n","f","f","f","won"
"f","f","t","f","f","t","f","t","t","l","f","t","t","t","f","f","t","f","f","n","f","f","f","won"
"f","f","t","f","t","t","f","f","t","l","f","t","t","t","f","f","t","f","f","n","f","f","f","won"
"f","f","f","f","f","t","f","f","f","l","f","t","t","t","f","f","t","f","f","n","f","f","f","won"
"f","f","f","f","f","f","f","f","f","l","f","t","t","t","f","f","t","f","f","n","f","f","f","won"
"t","f","f","f","f","t","f","f","t","l","f","t","t","t","f","f","t","f","f","n","f","f","f","won"
"t","f","f","f","t","t","f","f","t","l","f","t","t","t","f","f","t","f","f","n","f","f","f","won"
"t","f","f","f","t","t","t","f","t","l","f","t","t","t","f","f","t","f","f","n","f","f","f","won"
"t","f","t","f","f","t","f","f","t","l","f","t","t","t","f","f","t","f","f","n","f","f","f","won"
"t","f","t","f","t","t","f","f","t","l","f","t","t","t","f","f","t","f","f","n","f","f","f","won"
"t","f","f","f","f","t","f","f","f","l","f","t","t","t","f","f","t","f","f","n","f","f","f","won"
"f","f","f","f","f","t","f","f","t","g","f","t","t","t","f","f","t","f","f","n","f","f","f","won"
"f","f","f","f","t","t","f","f","t","g","f","t","t","t","f","f","t","f","f","n","f","f","f","won"
"t","f","f","f","f","t","f","f","t","g","f","t","t","t","f","f","t","f","f","n","f","f","f","won"
"f","f","f","f","f","t","f","f","t","l","t","t","t","t","f","f","t","f","f","n","f","t","f","won"
"t","f","f","f","f","t","f","f","t","l","t","t","t","t","f","f","t","f","f","n","f","t","f","won"
"f","f","f","f","t","t","f","f","t","l","t","f","t","n","f","f","f","f","f","n","f","f","f","nowin"
"f","f","f","f","t","t","t","t","t","l","t","f","t","n","f","f","f","f","f","n","f","f","f","nowin"
"f","f","t","f","t","t","f","f","t","l","t","f","t","n","f","f","f","f","f","n","f","f","f","nowin"
"f","f","f","f","f","t","f","f","t","l","t","f","f","n","f","f","f","f","f","n","f","f","f","nowin"
"f","f","f","f","f","t","f","f","t","l","t","f","f","n","f","f","f","t","f","n","f","f","f","nowin"
"f","f","f","t","f","t","f","f","t","l","t","f","f","n","f","t","f","f","f","n","f","f","f","nowin"
"f","f","f","t","f","t","f","t","t","l","t","f","f","n","f","t","f","f","f","n","f","f","f","nowin"
"f","f","t","f","f","t","f","f","t","l","t","f","f","n","f","f","f","f","f","n","f","f","f","nowin"
"f","f","t","f","f","t","f","t","t","l","t","f","f","n","f","f","f","f","f","n","f","f","f","nowin"
"f","f","t","f","f","t","f","f","t","l","t","f","f","n","f","f","f","t","f","n","f","f","f","nowin"
"f","f","t","t","f","t","f","f","t","l","t","f","f","n","f","t","f","f","f","n","f","f","f","nowin"
"f","t","f","f","f","t","f","t","t","l","t","f","f","n","f","f","f","f","f","n","f","f","f","nowin"
"f","t","f","f","f","t","f","t","t","l","t","f","f","n","f","f","f","f","f","n","f","f","t","nowin"
"f","t","f","f","f","t","f","f","t","l","t","f","f","n","f","f","f","t","f","n","f","f","f","nowin"
"f","t","f","f","f","t","f","f","t","l","t","f","f","n","f","f","f","t","t","n","f","f","f","nowin"
"f","t","f","f","f","t","t","f","t","l","t","f","f","n","f","f","f","f","f","n","f","f","f","nowin"
"f","t","f","f","f","t","t","t","t","l","t","f","f","n","f","f","f","f","f","n","f","f","f","nowin"
"f","t","f","f","t","t","f","f","t","l","t","f","f","n","f","f","f","f","t","n","f","f","f","nowin"
"f","t","f","f","t","t","f","f","t","l","t","f","f","n","f","f","f","f","t","n","f","f","f","nowin"
"f","t","f","f","t","t","f","f","t","l","t","f","f","n","f","f","f","t","f","n","f","f","f","nowin"
"f","t","f","f","t","t","f","f","t","l","t","f","f","n","f","f","f","t","t","n","f","f","f","nowin"
"f","t","f","f","t","t","t","f","t","l","t","f","f","n","f","f","f","f","f","n","f","f","f","nowin"
"f","t","f","f","t","t","t","t","t","l","t","f","f","n","f","f","f","f","f","n","f","f","f","nowin"
"f","t","f","f","t","t","t","f","t","l","t","f","f","n","f","f","f","t","t","n","f","f","f","nowin"
"f","t","f","t","f","t","f","f","t","l","t","f","f","n","f","t","f","f","f","n","f","f","f","nowin"
"f","t","f","t","f","t","f","f","t","l","t","f","f","n","f","t","f","f","t","n","f","f","f","nowin"
"f","t","f","t","f","t","f","t","t","l","t","f","f","n","f","t","f","f","f","n","f","f","f","nowin"
"f","t","f","t","f","t","f","t","t","l","t","f","f","n","f","t","f","f","t","n","f","f","f","nowin"
"f","t","f","t","f","t","f","f","t","l","t","f","f","n","f","t","f","t","f","n","f","f","f","nowin"
"f","t","f","t","t","t","f","f","t","l","t","f","f","n","f","t","f","t","f","n","f","f","f","nowin"
"f","t","t","f","f","t","f","f","t","l","t","f","f","n","f","f","f","t","f","n","f","f","f","nowin"
"f","t","t","f","t","t","f","f","t","l","t","f","f","n","f","f","f","t","f","n","f","f","f","nowin"
"f","t","t","f","t","t","f","f","t","l","t","f","f","n","f","f","f","t","t","n","f","f","f","nowin"
"f","t","t","t","f","t","f","f","t","l","t","f","f","n","f","t","f","f","f","n","f","f","f","nowin"
"f","t","t","t","f","t","f","f","t","l","t","f","f","n","f","t","f","f","t","n","f","f","f","nowin"
"f","t","t","t","f","t","f","t","t","l","t","f","f","n","f","t","f","f","f","n","f","f","f","nowin"
"f","t","t","t","f","t","f","f","t","l","t","f","f","n","f","t","f","t","f","n","f","f","f","nowin"
"f","t","f","f","f","t","f","t","t","l","t","f","t","n","f","f","f","f","f","b","f","f","f","nowin"
"f","t","f","f","f","t","f","f","t","l","t","f","t","n","f","f","f","t","f","b","f","f","f","nowin"
"f","t","f","f","f","t","t","f","t","l","t","f","t","n","f","f","f","f","f","b","f","f","f","nowin"
"f","t","t","f","f","t","f","t","t","l","t","f","t","n","f","f","f","f","f","b","f","f","f","nowin"
"f","t","t","f","f","t","t","t","t","l","t","f","t","n","f","f","f","f","f","b","f","f","f","nowin"
"f","f","f","f","f","t","f","f","t","l","t","f","f","n","f","f","f","f","f","b","f","f","f","nowin"
"f","t","f","f","f","t","f","t","t","l","t","f","f","n","f","f","f","f","f","b","f","f","f","nowin"
"f","t","f","f","f","t","f","t","t","l","t","f","f","n","f","f","f","f","f","b","f","f","t","nowin"
"f","t","f","f","f","t","f","t","t","l","t","f","f","n","f","f","f","f","t","b","f","f","f","nowin"
"f","t","f","f","f","t","f","f","t","l","t","f","f","n","f","f","f","t","f","b","f","f","f","nowin"
"f","t","f","t","f","t","f","t","t","l","t","f","f","n","f","t","f","f","f","b","f","f","f","nowin"
"f","f","f","f","t","f","t","t","f","l","t","f","t","n","f","f","f","f","f","n","f","f","f","nowin"
"f","t","f","f","f","f","f","f","f","l","t","f","f","n","f","f","f","f","f","n","f","f","f","nowin"
"f","t","f","f","f","f","f","f","f","l","t","f","f","n","f","f","f","f","t","n","f","f","f","nowin"
"f","t","f","f","f","f","f","t","f","l","t","f","f","n","f","f","f","f","t","n","f","f","f","nowin"
"f","t","f","f","f","f","t","f","f","l","t","f","f","n","f","f","f","f","f","n","f","f","f","nowin"
"f","t","f","f","f","f","t","f","f","l","t","f","f","n","f","f","f","f","t","n","f","f","f","nowin"
"f","t","f","f","f","f","t","t","f","l","t","f","f","n","f","f","f","f","f","n","f","f","f","nowin"
"f","t","f","f","f","f","t","t","f","l","t","f","f","n","f","f","f","f","t","n","f","f","f","nowin"
"f","t","f","f","t","t","f","f","f","l","t","f","f","n","f","f","f","f","t","n","f","f","f","nowin"
"f","t","f","f","t","t","f","f","f","l","t","f","f","n","f","f","f","t","t","n","f","f","f","nowin"
"f","t","f","f","t","f","t","f","f","l","t","f","f","n","f","f","f","f","t","n","f","f","f","nowin"
"f","t","f","f","t","f","t","t","f","l","t","f","f","n","f","f","f","f","f","n","f","f","f","nowin"
"f","t","f","f","t","f","t","f","f","l","t","f","f","n","f","f","f","t","f","n","f","f","f","nowin"
"f","t","t","f","f","f","f","f","f","l","t","f","f","n","f","f","f","f","f","n","f","f","f","nowin"
"f","t","t","f","f","f","f","f","f","l","t","f","f","n","f","f","f","f","t","n","f","f","f","nowin"
"f","t","t","f","f","f","f","t","f","l","t","f","f","n","f","f","f","t","f","n","f","f","f","nowin"
"f","t","t","f","f","f","t","t","f","l","t","f","f","n","f","f","f","f","f","n","f","f","f","nowin"
"f","t","t","f","t","f","t","t","f","l","t","f","f","n","f","f","f","f","f","n","f","f","f","nowin"
"f","t","f","f","t","t","f","f","t","l","t","f","f","n","f","f","f","t","f","n","f","f","f","nowin"
"f","f","f","t","t","t","t","t","t","l","t","f","t","n","t","f","f","f","f","n","f","f","f","nowin"
"f","t","f","t","f","t","t","f","t","l","t","f","f","n","t","f","f","f","f","n","f","f","f","nowin"
"f","t","f","t","f","t","t","t","t","l","t","f","f","n","t","f","f","f","f","n","f","f","f","nowin"
"f","t","f","t","f","t","t","f","t","l","t","f","f","n","t","t","f","f","f","n","f","f","f","nowin"
"f","t","f","t","t","t","t","f","t","l","t","f","f","n","t","f","f","f","f","n","f","f","f","nowin"
"f","t","f","t","t","t","t","t","t","l","t","f","f","n","t","f","f","f","f","n","f","f","f","nowin"
"f","t","f","t","t","t","t","f","t","l","t","f","f","n","t","t","f","f","f","n","f","f","f","nowin"
"f","t","f","t","f","t","t","t","t","l","t","f","t","n","t","f","f","f","f","b","f","f","f","nowin"
"f","t","t","t","f","t","t","t","t","l","t","f","t","n","t","f","f","f","f","b","f","f","f","nowin"
"f","f","f","t","t","f","t","t","f","l","t","f","t","n","t","f","f","f","f","n","f","f","f","nowin"
"f","t","f","t","f","f","t","f","f","l","t","f","f","n","t","f","f","f","f","n","f","f","f","nowin"
"f","t","f","t","t","f","t","f","f","l","t","f","f","n","t","f","f","f","f","n","f","f","f","nowin"
"f","t","f","f","f","t","f","f","t","l","t","f","t","n","f","f","f","t","f","n","f","f","f","nowin"
"f","t","f","f","t","t","f","f","t","l","t","f","f","n","f","f","f","f","f","n","f","f","f","nowin"
"f","t","f","f","f","t","f","f","t","l","t","f","t","n","f","f","f","f","f","b","t","f","f","nowin"
"t","f","f","f","t","t","f","f","t","l","t","f","t","n","f","f","f","f","f","n","f","f","f","nowin"
"t","f","f","f","t","t","t","t","t","l","t","f","t","n","f","f","f","f","f","n","f","f","f","nowin"
"t","f","t","f","t","t","f","f","t","l","t","f","t","n","f","f","f","f","f","n","f","f","f","nowin"
"t","f","t","f","t","f","t","t","t","l","t","f","t","n","f","f","f","f","f","n","f","f","f","nowin"
"t","t","f","f","t","t","f","f","t","l","t","f","f","n","f","f","f","t","f","n","f","f","f","nowin"
"t","t","f","f","t","t","f","f","t","l","t","f","f","n","f","f","f","t","t","n","f","f","f","nowin"
"t","t","f","f","t","t","t","f","t","l","t","f","f","n","f","f","f","f","f","n","f","f","f","nowin"
"t","t","f","f","t","t","t","t","t","l","t","f","f","n","f","f","f","f","f","n","f","f","f","nowin"
"t","t","f","f","t","t","t","f","t","l","t","f","f","n","f","f","f","t","t","n","f","f","f","nowin"
"t","t","f","t","t","t","t","f","t","l","t","f","f","n","f","t","f","f","f","n","f","f","f","nowin"
"t","t","t","f","t","t","f","f","t","l","t","f","f","n","f","f","f","t","f","n","f","f","f","nowin"
"t","t","t","f","t","t","f","f","t","l","t","f","f","n","f","f","f","t","t","n","f","f","f","nowin"
"t","t","f","f","t","t","f","f","t","l","t","f","f","n","f","f","f","t","f","n","t","f","f","nowin"
"t","t","f","f","t","t","t","f","t","l","t","f","f","n","f","f","f","f","f","n","t","f","f","nowin"
"t","f","f","f","t","f","f","f","f","l","t","f","t","n","f","f","f","f","f","n","f","f","t","nowin"
"t","f","t","f","t","f","f","f","f","l","t","f","t","n","f","f","f","f","f","n","f","f","f","nowin"
"t","f","t","f","t","f","f","f","f","l","t","f","t","n","f","f","f","f","f","n","f","f","t","nowin"
"t","f","t","f","t","f","t","f","f","l","t","f","t","n","f","f","f","f","f","n","f","f","f","nowin"
"t","f","t","f","t","f","t","t","f","l","t","f","t","n","f","f","f","f","f","n","f","f","f","nowin"
"t","t","f","f","t","f","t","t","f","l","t","f","f","n","f","f","f","f","f","n","f","f","f","nowin"
"t","t","t","f","t","f","t","f","f","l","t","f","f","n","f","f","f","f","f","n","f","f","f","nowin"
"t","t","t","f","t","f","t","t","f","l","t","f","f","n","f","f","f","f","f","n","f","f","f","nowin"
"t","f","f","t","t","t","t","t","t","l","t","f","t","n","t","f","f","f","f","n","f","f","f","nowin"
"t","f","t","t","t","f","t","f","f","l","t","f","t","n","t","f","f","f","f","n","f","f","f","nowin"
"f","f","f","f","t","t","f","f","t","l","f","f","t","n","f","f","f","f","f","n","f","f","f","nowin"
"f","f","f","f","t","t","f","t","t","l","f","f","t","n","f","f","f","f","f","n","f","f","f","nowin"
"f","f","f","f","t","t","t","t","t","l","f","f","t","n","f","f","f","f","f","n","f","f","f","nowin"
"f","f","f","t","t","t","f","f","t","l","f","f","t","n","f","t","f","f","f","n","f","f","f","nowin"
"f","f","t","f","t","t","f","f","t","l","f","f","t","n","f","f","f","f","f","n","f","f","f","nowin"
"f","f","t","f","t","t","f","t","t","l","f","f","t","n","f","f","f","f","f","n","f","f","f","nowin"
"f","f","t","f","t","t","f","f","t","l","f","f","t","n","f","f","f","f","f","n","f","f","f","nowin"
"f","f","t","t","t","t","f","f","t","l","f","f","t","n","f","t","f","f","f","n","f","f","f","nowin"
"f","f","f","f","t","f","t","t","f","l","f","f","t","n","f","f","f","f","f","n","f","f","f","nowin"
"f","f","t","f","t","f","f","f","f","l","f","f","t","n","f","f","f","f","f","n","f","f","f","nowin"
"f","f","t","f","t","f","t","t","f","l","f","f","t","n","f","f","f","f","f","n","f","f","f","nowin"
"f","f","f","t","t","t","t","t","t","l","f","f","t","n","t","f","f","f","f","n","f","f","f","nowin"
"f","f","f","f","f","t","f","f","t","l","f","f","t","n","f","f","f","f","f","n","f","f","f","nowin"
"f","f","f","f","t","t","f","f","t","l","f","f","t","n","f","f","f","f","f","n","f","f","f","nowin"
"f","f","t","f","f","t","f","f","t","l","f","f","t","n","f","f","f","f","f","n","f","f","f","nowin"
"f","f","f","f","t","t","f","f","t","l","f","f","t","n","f","f","f","f","f","n","f","f","f","nowin"
"t","f","f","f","t","t","f","f","t","l","f","f","t","n","f","f","f","f","f","n","f","f","f","nowin"
"t","f","f","f","t","t","f","t","t","l","f","f","t","n","f","f","f","f","f","n","f","f","t","nowin"
"t","f","f","f","t","f","f","f","t","l","f","f","t","n","f","f","f","f","f","n","f","f","f","nowin"
"t","f","f","f","t","f","t","f","t","l","f","f","t","n","f","f","f","f","f","n","f","f","f","nowin"
"t","f","f","f","t","t","t","t","t","l","f","f","t","n","f","f","f","f","f","n","f","f","f","nowin"
"t","f","f","f","t","f","t","t","t","l","f","f","t","n","f","f","f","f","f","n","f","f","f","nowin"
"t","f","f","f","t","f","t","f","t","l","f","f","t","n","f","f","f","f","f","n","f","f","f","nowin"
"t","f","f","f","t","f","t","t","t","l","f","f","t","n","f","f","f","f","f","n","f","f","f","nowin"
"t","f","f","t","t","t","f","f","t","l","f","f","t","n","f","t","f","f","f","n","f","f","f","nowin"
"t","f","f","t","t","t","t","t","t","l","f","f","t","n","f","t","f","f","f","n","f","f","f","nowin"
"t","f","t","f","t","t","f","f","t","l","f","f","t","n","f","f","f","f","f","n","f","f","f","nowin"
"t","f","t","f","t","t","t","t","t","l","f","f","t","n","f","f","f","f","f","n","f","f","f","nowin"
"t","f","t","t","t","t","f","f","t","l","f","f","t","n","f","t","f","f","f","n","f","f","f","nowin"
"t","f","f","f","t","f","t","t","f","l","f","f","t","n","f","f","f","f","f","n","f","f","f","nowin"
"t","f","t","f","t","f","f","f","f","l","f","f","t","n","f","f","f","f","f","n","f","f","f","nowin"
"t","f","t","f","t","f","t","t","f","l","f","f","t","n","f","f","f","f","f","n","f","f","f","nowin"
"t","f","f","t","t","f","t","f","t","l","f","f","t","n","t","f","f","f","f","n","f","f","f","nowin"
"t","f","f","t","t","t","t","t","t","l","f","f","t","n","t","f","f","f","f","n","f","f","f","nowin"
"t","f","f","t","t","f","t","t","t","l","f","f","t","n","t","f","f","f","f","n","f","f","f","nowin"
"t","f","f","t","t","t","t","f","t","l","f","f","t","n","t","t","f","f","f","n","f","f","f","nowin"
"t","f","t","t","t","t","t","t","t","l","f","f","t","n","t","f","f","f","f","n","f","f","f","nowin"
"f","f","f","f","t","t","f","f","t","g","t","f","t","n","f","f","f","f","f","n","f","f","f","nowin"
"f","f","f","f","t","t","f","t","t","g","t","f","t","n","f","f","f","f","f","n","f","f","f","nowin"
"f","f","f","f","t","t","t","t","t","g","t","f","t","n","f","f","f","f","f","n","f","f","f","nowin"
"f","f","f","t","t","t","f","f","t","g","t","f","t","n","f","t","f","f","f","n","f","f","f","nowin"
"f","f","t","f","t","t","f","f","t","g","t","f","t","n","f","f","f","f","f","n","f","f","f","nowin"
"f","f","t","f","t","t","f","t","t","g","t","f","t","n","f","f","f","f","f","n","f","f","f","nowin"
"f","f","t","f","t","t","f","f","t","g","t","f","t","n","f","f","f","f","f","n","f","f","f","nowin"
"f","f","t","f","t","t","f","f","t","g","t","f","t","n","f","f","f","f","f","n","f","f","f","nowin"
"f","f","t","f","t","t","t","t","t","g","t","f","t","n","f","f","f","f","f","n","f","f","f","nowin"
"f","f","t","t","t","t","f","f","t","g","t","f","t","n","f","t","f","f","f","n","f","f","f","nowin"
"f","f","f","f","f","t","f","f","t","g","t","f","f","n","f","f","f","f","f","n","f","f","f","nowin"
"f","f","f","f","f","t","f","f","t","g","t","f","f","n","f","f","f","t","f","n","f","f","f","nowin"
"f","f","f","f","f","t","t","f","t","g","t","f","f","n","f","f","f","f","f","n","f","f","f","nowin"
"f","f","t","f","f","t","f","f","t","g","t","f","f","n","f","f","f","f","f","n","f","f","f","nowin"
"f","f","t","f","f","t","t","f","t","g","t","f","f","n","f","f","f","f","f","n","f","f","f","nowin"
"f","t","f","f","f","t","f","f","t","g","t","f","f","n","f","f","f","f","f","n","f","f","f","nowin"
"f","t","f","f","f","t","f","t","t","g","t","f","f","n","f","f","f","f","f","n","f","f","f","nowin"
"f","t","f","f","f","t","f","t","t","g","t","f","f","n","f","f","f","f","f","n","f","f","t","nowin"
"f","t","f","f","f","t","t","f","t","g","t","f","f","n","f","f","f","f","f","n","f","f","f","nowin"
"f","t","f","f","f","t","t","t","t","g","t","f","f","n","f","f","f","f","f","n","f","f","f","nowin"
"f","t","f","t","f","t","f","f","t","g","t","f","f","n","f","t","f","f","f","n","f","f","f","nowin"
"f","t","f","t","f","t","f","t","t","g","t","f","f","n","f","t","f","f","f","n","f","f","f","nowin"
"f","t","t","f","f","t","f","f","t","g","t","f","f","n","f","f","f","f","f","n","f","f","f","nowin"
"f","t","t","f","f","t","f","t","t","g","t","f","f","n","f","f","f","f","f","n","f","f","f","nowin"
"f","t","t","f","f","t","f","f","t","g","t","f","f","n","f","f","f","f","f","n","f","f","f","nowin"
"f","t","t","f","f","t","t","t","t","g","t","f","f","n","f","f","f","f","f","n","f","f","f","nowin"
"f","t","t","t","f","t","f","f","t","g","t","f","f","n","f","t","f","f","f","n","f","f","f","nowin"
"f","t","t","t","f","t","f","t","t","g","t","f","f","n","f","t","f","f","f","n","f","f","f","nowin"
"f","t","f","f","f","t","f","f","t","g","t","f","t","n","f","f","f","f","f","b","f","f","f","nowin"
"f","t","f","f","f","t","f","t","t","g","t","f","t","n","f","f","f","f","f","b","f","f","f","nowin"
"f","t","f","f","f","t","t","f","t","g","t","f","t","n","f","f","f","f","f","b","f","f","f","nowin"
"f","t","t","f","f","t","f","t","t","g","t","f","t","n","f","f","f","f","f","b","f","f","f","nowin"
"f","t","t","f","f","t","t","t","t","g","t","f","t","n","f","f","f","f","f","b","f","f","f","nowin"
"f","f","f","f","f","t","f","f","t","g","t","f","f","n","f","f","f","f","f","b","f","f","f","nowin"
"f","t","f","f","f","t","f","f","t","g","t","f","f","n","f","f","f","f","f","b","f","f","f","nowin"
"f","t","f","f","f","t","f","t","t","g","t","f","f","n","f","f","f","f","f","b","f","f","f","nowin"
"f","t","t","f","f","t","f","t","t","g","t","f","f","n","f","f","f","f","f","b","f","f","f","nowin"
"f","f","f","f","f","t","f","f","t","g","t","f","f","n","f","f","f","f","f","n","t","f","f","nowin"
"f","f","f","t","t","t","t","t","t","g","t","f","t","n","t","f","f","f","f","n","f","f","f","nowin"
"f","f","t","t","t","t","t","t","t","g","t","f","t","n","t","f","f","f","f","n","f","f","f","nowin"
"f","t","f","t","f","t","t","f","t","g","t","f","f","n","t","f","f","f","f","n","f","f","f","nowin"
"f","t","f","t","f","t","t","t","t","g","t","f","f","n","t","f","f","f","f","n","f","f","f","nowin"
"f","f","f","f","f","t","f","f","t","g","t","f","t","n","f","f","f","f","f","n","f","f","f","nowin"
"f","f","f","f","t","t","f","f","t","g","t","f","t","n","f","f","f","f","f","n","f","f","f","nowin"
"f","f","f","t","f","t","f","f","t","g","t","f","t","n","f","t","f","f","f","n","f","f","f","nowin"
"f","f","f","t","t","t","f","f","t","g","t","f","t","n","f","t","f","f","f","n","f","f","f","nowin"
"f","f","t","f","f","t","f","f","t","g","t","f","t","n","f","f","f","f","f","n","f","f","f","nowin"
"f","f","t","t","f","t","f","f","t","g","t","f","t","n","f","t","f","f","f","n","f","f","f","nowin"
"f","t","f","f","f","t","f","f","t","g","t","f","t","n","f","f","f","f","f","n","f","f","f","nowin"
"f","t","f","t","f","t","f","f","t","g","t","f","t","n","f","t","f","f","f","n","f","f","f","nowin"
"f","t","f","f","f","t","f","f","t","g","t","f","t","n","f","f","f","f","f","b","f","f","f","nowin"
"t","f","f","f","t","t","f","f","t","g","t","f","t","n","f","f","f","f","f","n","f","f","f","nowin"
"t","f","f","f","t","f","f","f","t","g","t","f","t","n","f","f","f","f","f","n","f","f","t","nowin"
"t","f","f","f","t","t","f","t","t","g","t","f","t","n","f","f","f","f","f","n","f","f","t","nowin"
"t","f","f","f","t","t","t","t","t","g","t","f","t","n","f","f","f","f","f","n","f","f","f","nowin"
"t","f","f","t","t","t","f","f","t","g","t","f","t","n","f","t","f","f","f","n","f","f","f","nowin"
"t","f","f","t","t","t","t","t","t","g","t","f","t","n","f","t","f","f","f","n","f","f","f","nowin"
"t","f","t","f","t","t","f","f","t","g","t","f","t","n","f","f","f","f","f","n","f","f","f","nowin"
"t","f","t","f","t","f","f","f","t","g","t","f","t","n","f","f","f","f","f","n","f","f","f","nowin"
"t","f","t","f","t","f","f","f","t","g","t","f","t","n","f","f","f","f","f","n","f","f","t","nowin"
"t","f","t","f","t","t","t","f","t","g","t","f","t","n","f","f","f","f","f","n","f","f","f","nowin"
"t","f","t","f","t","t","t","t","t","g","t","f","t","n","f","f","f","f","f","n","f","f","f","nowin"
"t","f","t","t","t","t","f","f","t","g","t","f","t","n","f","t","f","f","f","n","f","f","f","nowin"
"t","f","f","t","t","t","t","t","t","g","t","f","t","n","t","f","f","f","f","n","f","f","f","nowin"
"t","f","f","t","t","f","t","t","t","g","t","f","t","n","t","f","f","f","f","n","f","f","f","nowin"
"t","f","t","t","t","t","t","f","t","g","t","f","t","n","t","f","f","f","f","n","f","f","f","nowin"
"t","f","t","t","t","t","t","t","t","g","t","f","t","n","t","f","f","f","f","n","f","f","f","nowin"
"t","f","f","f","t","t","f","f","t","g","t","f","t","n","f","f","f","f","f","n","f","f","f","nowin"
"t","f","f","t","t","t","f","f","t","g","t","f","t","n","f","t","f","f","f","n","f","f","f","nowin"
"f","f","f","f","t","t","f","f","t","g","f","f","t","n","f","f","f","f","f","n","f","f","f","nowin"
"f","f","f","f","t","t","f","t","t","g","f","f","t","n","f","f","f","f","f","n","f","f","f","nowin"
"f","f","f","f","t","t","t","t","t","g","f","f","t","n","f","f","f","f","f","n","f","f","f","nowin"
"f","f","f","t","t","t","f","f","t","g","f","f","t","n","f","t","f","f","f","n","f","f","f","nowin"
"f","f","t","f","t","t","f","f","t","g","f","f","t","n","f","f","f","f","f","n","f","f","f","nowin"
"f","f","t","f","t","t","f","t","t","g","f","f","t","n","f","f","f","f","f","n","f","f","f","nowin"
"f","f","t","f","t","t","f","f","t","g","f","f","t","n","f","f","f","f","f","n","f","f","f","nowin"
"f","f","t","f","t","t","f","f","t","g","f","f","t","n","f","f","f","f","f","n","f","f","f","nowin"
"f","f","t","f","t","t","t","t","t","g","f","f","t","n","f","f","f","f","f","n","f","f","f","nowin"
"f","f","t","t","t","t","f","f","t","g","f","f","t","n","f","t","f","f","f","n","f","f","f","nowin"
"f","f","f","f","t","t","f","f","t","g","f","f","t","n","f","f","f","f","f","n","f","f","f","nowin"
"f","f","t","f","t","t","f","f","t","g","f","f","t","n","f","f","f","f","f","n","f","f","f","nowin"
"f","f","f","t","t","t","t","t","t","g","f","f","t","n","t","f","f","f","f","n","f","f","f","nowin"
"f","f","f","f","f","t","f","f","t","g","f","f","t","n","f","f","f","f","f","n","f","f","f","nowin"
"f","f","f","f","t","t","f","f","t","g","f","f","t","n","f","f","f","f","f","n","f","f","f","nowin"
"f","f","f","t","f","t","f","f","t","g","f","f","t","n","f","t","f","f","f","n","f","f","f","nowin"
"f","f","t","f","f","t","f","f","t","g","f","f","t","n","f","f","f","f","f","n","f","f","f","nowin"
"t","f","f","f","t","t","f","f","t","g","f","f","t","n","f","f","f","f","f","n","f","f","f","nowin"
"t","f","f","f","t","f","f","f","t","g","f","f","t","n","f","f","f","f","f","n","f","f","t","nowin"
"t","f","f","f","t","t","f","t","t","g","f","f","t","n","f","f","f","f","f","n","f","f","t","nowin"
"t","f","f","f","t","t","t","t","t","g","f","f","t","n","f","f","f","f","f","n","f","f","f","nowin"
"t","f","f","t","t","t","f","f","t","g","f","f","t","n","f","t","f","f","f","n","f","f","f","nowin"
"t","f","f","t","t","t","t","t","t","g","f","f","t","n","f","t","f","f","f","n","f","f","f","nowin"
"t","f","t","f","t","t","f","f","t","g","f","f","t","n","f","f","f","f","f","n","f","f","f","nowin"
"t","f","t","f","t","f","f","f","t","g","f","f","t","n","f","f","f","f","f","n","f","f","f","nowin"
"t","f","t","f","t","f","f","f","t","g","f","f","t","n","f","f","f","f","f","n","f","f","t","nowin"
"t","f","t","f","t","t","f","f","t","g","f","f","t","n","f","f","f","f","f","n","f","f","f","nowin"
"t","f","t","f","t","t","t","t","t","g","f","f","t","n","f","f","f","f","f","n","f","f","f","nowin"
"t","f","t","t","t","t","f","f","t","g","f","f","t","n","f","t","f","f","f","n","f","f","f","nowin"
"t","f","f","t","t","t","t","t","t","g","f","f","t","n","t","f","f","f","f","n","f","f","f","nowin"
"t","f","f","f","t","t","f","f","t","g","f","f","t","n","f","f","f","f","f","n","f","f","f","nowin"
"f","f","f","f","t","t","f","f","t","l","t","f","t","n","f","f","f","f","f","n","f","t","f","nowin"
"t","f","f","f","t","t","f","f","t","l","t","f","t","n","f","f","f","f","f","n","f","t","f","nowin"
"f","f","f","f","t","t","f","f","t","l","f","f","t","n","f","f","f","f","f","n","f","t","f","nowin"
"f","f","f","t","t","t","f","f","t","l","f","f","t","n","f","t","f","f","f","n","f","t","f","nowin"
"f","f","t","f","t","t","f","f","t","l","f","f","t","n","f","f","f","f","f","n","f","t","f","nowin"
"t","f","f","f","t","t","f","f","t","l","f","f","t","n","f","f","f","f","f","n","f","t","f","nowin"
"t","f","t","f","t","t","f","f","t","l","f","f","t","n","f","f","f","f","f","n","f","t","f","nowin"
"f","f","f","f","t","t","f","f","t","g","t","f","t","n","f","f","f","f","f","n","f","t","f","nowin"
"f","f","f","t","t","t","f","f","t","g","t","f","t","n","f","t","f","f","f","n","f","t","f","nowin"
"f","f","t","f","t","t","f","f","t","g","t","f","t","n","f","f","f","f","f","n","f","t","f","nowin"
"f","f","t","t","t","t","f","f","t","g","t","f","t","n","f","t","f","f","f","n","f","t","f","nowin"
"t","f","f","f","t","t","f","f","t","g","t","f","t","n","f","f","f","f","f","n","f","t","f","nowin"
"t","f","f","t","t","t","f","f","t","g","t","f","t","n","f","t","f","f","f","n","f","t","f","nowin"
"t","f","t","f","t","t","f","f","t","g","t","f","t","n","f","f","f","f","f","n","f","t","f","nowin"
"f","f","f","f","t","t","f","f","t","g","f","f","t","n","f","f","f","f","f","n","f","t","f","nowin"
"f","f","t","f","t","t","f","f","t","g","f","f","t","n","f","f","f","f","f","n","f","t","f","nowin"
"t","f","f","f","t","t","f","f","t","g","f","f","t","n","f","f","f","f","f","n","f","t","f","nowin"
"t","f","t","f","t","t","f","f","t","g","f","f","t","n","f","f","f","f","f","n","f","t","f","nowin"
"f","f","f","f","t","t","f","t","t","l","t","f","t","t","f","f","f","f","f","n","f","f","f","nowin"
"f","f","f","t","t","t","f","f","t","l","t","f","t","t","f","t","f","f","f","n","f","f","f","nowin"
"f","f","t","t","t","t","f","f","t","l","t","f","t","t","f","t","f","f","f","n","f","f","f","nowin"
"f","f","f","f","t","f","f","f","f","l","t","f","t","t","f","f","f","f","f","n","f","f","f","nowin"
"f","f","f","f","t","f","t","t","f","l","t","f","t","t","f","f","f","f","f","n","f","f","f","nowin"
"f","f","t","f","t","f","f","f","f","l","t","f","t","t","f","f","f","f","f","n","f","f","f","nowin"
"f","f","t","f","t","f","t","t","f","l","t","f","t","t","f","f","f","f","f","n","f","f","f","nowin"
"t","f","f","f","t","t","f","t","t","l","t","f","t","t","f","f","f","f","f","n","f","f","t","nowin"
"t","f","f","t","t","t","f","f","t","l","t","f","t","t","f","t","f","f","f","n","f","f","f","nowin"
"t","f","f","t","t","t","t","t","t","l","t","f","t","t","f","t","f","f","f","n","f","f","f","nowin"
"t","f","t","t","t","t","f","f","t","l","t","f","t","t","f","t","f","f","f","n","f","f","f","nowin"
"t","f","f","f","t","f","t","f","f","l","t","f","t","t","f","f","f","f","f","n","f","f","f","nowin"
"t","f","f","f","t","f","t","t","f","l","t","f","t","t","f","f","f","f","f","n","f","f","f","nowin"
"t","f","f","t","t","t","t","f","t","l","t","f","t","t","t","t","f","f","f","n","f","f","f","nowin"
"f","f","f","f","t","t","f","f","t","l","f","f","t","t","f","f","f","f","f","n","f","f","f","nowin"
"f","f","f","f","t","t","f","f","t","l","f","f","t","t","f","f","f","f","f","n","f","f","f","nowin"
"f","f","f","f","t","t","f","t","t","l","f","f","t","t","f","f","f","f","f","n","f","f","f","nowin"
"f","f","f","f","t","t","t","t","t","l","f","f","t","t","f","f","f","f","f","n","f","f","f","nowin"
"f","f","f","t","t","t","f","f","t","l","f","f","t","t","f","t","f","f","f","n","f","f","f","nowin"
"f","f","f","t","t","t","f","t","t","l","f","f","t","t","f","t","f","f","f","n","f","f","f","nowin"
"f","f","t","f","t","t","f","f","t","l","f","f","t","t","f","f","f","f","f","n","f","f","f","nowin"
"f","f","t","f","t","t","f","f","t","l","f","f","t","t","f","f","f","f","f","n","f","f","f","nowin"
"f","f","t","t","t","t","f","f","t","l","f","f","t","t","f","t","f","f","f","n","f","f","f","nowin"
"f","f","t","t","t","t","f","t","t","l","f","f","t","t","f","t","f","f","f","n","f","f","f","nowin"
"f","f","f","f","t","f","t","t","f","l","f","f","t","t","f","f","f","f","f","n","f","f","f","nowin"
"f","f","f","t","t","t","f","f","f","l","f","f","t","t","f","t","f","f","f","n","f","f","f","nowin"
"f","f","f","t","t","t","t","t","t","l","f","f","t","t","t","f","f","f","f","n","f","f","f","nowin"
"f","f","f","f","f","t","f","f","t","l","f","f","t","t","f","f","f","f","f","n","f","f","f","nowin"
"f","f","f","f","t","t","f","f","t","l","f","f","t","t","f","f","f","f","f","n","f","f","f","nowin"
"t","f","f","f","t","t","f","f","t","l","f","f","t","t","f","f","f","f","f","n","f","f","f","nowin"
"t","f","f","f","t","f","f","f","t","l","f","f","t","t","f","f","f","f","f","n","f","f","f","nowin"
"t","f","f","f","t","t","t","t","t","l","f","f","t","t","f","f","f","f","f","n","f","f","f","nowin"
"t","f","f","t","t","t","f","f","t","l","f","f","t","t","f","t","f","f","f","n","f","f","f","nowin"
"t","f","t","f","t","t","f","f","t","l","f","f","t","t","f","f","f","f","f","n","f","f","f","nowin"
"t","f","t","t","t","t","f","f","t","l","f","f","t","t","f","t","f","f","f","n","f","f","f","nowin"
"t","f","f","f","t","f","t","t","f","l","f","f","t","t","f","f","f","f","f","n","f","f","f","nowin"
"f","f","f","f","t","t","f","f","t","g","t","f","t","t","f","f","f","f","f","n","f","f","f","nowin"
"f","f","f","f","t","t","f","f","t","g","t","f","t","t","f","f","f","f","f","n","f","f","f","nowin"
"f","f","f","f","t","t","f","t","t","g","t","f","t","t","f","f","f","f","f","n","f","f","f","nowin"
"f","f","f","f","t","t","t","t","t","g","t","f","t","t","f","f","f","f","f","n","f","f","f","nowin"
"f","f","f","t","t","t","f","f","t","g","t","f","t","t","f","t","f","f","f","n","f","f","f","nowin"
"f","f","t","f","t","t","f","f","t","g","t","f","t","t","f","f","f","f","f","n","f","f","f","nowin"
"f","f","t","f","t","t","f","f","t","g","t","f","t","t","f","f","f","f","f","n","f","f","f","nowin"
"f","f","t","f","t","t","t","t","t","g","t","f","t","t","f","f","f","f","f","n","f","f","f","nowin"
"f","f","t","t","t","t","f","f","t","g","t","f","t","t","f","t","f","f","f","n","f","f","f","nowin"
"t","f","f","f","t","t","f","f","t","g","t","f","t","t","f","f","f","f","f","n","f","f","f","nowin"
"t","f","f","f","t","t","t","f","t","g","t","f","t","t","f","f","f","f","f","n","f","f","f","nowin"
"t","f","f","f","t","t","t","t","t","g","t","f","t","t","f","f","f","f","f","n","f","f","f","nowin"
"t","f","f","t","t","t","f","f","t","g","t","f","t","t","f","t","f","f","f","n","f","f","f","nowin"
"t","f","t","f","t","t","f","f","t","g","t","f","t","t","f","f","f","f","f","n","f","f","f","nowin"
"t","f","t","t","t","t","f","f","t","g","t","f","t","t","f","t","f","f","f","n","f","f","f","nowin"
"f","f","f","f","t","t","f","f","t","g","f","f","t","t","f","f","f","f","f","n","f","f","f","nowin"
"f","f","f","f","t","t","f","f","t","g","f","f","t","t","f","f","f","f","f","n","f","f","f","nowin"
"f","f","f","f","t","t","t","t","t","g","f","f","t","t","f","f","f","f","f","n","f","f","f","nowin"
"f","f","f","t","t","t","f","f","t","g","f","f","t","t","f","t","f","f","f","n","f","f","f","nowin"
"f","f","t","f","t","t","f","f","t","g","f","f","t","t","f","f","f","f","f","n","f","f","f","nowin"
"f","f","f","f","f","t","f","f","t","g","f","f","t","t","f","f","f","f","f","n","f","f","f","nowin"
"t","f","f","f","t","t","f","f","t","g","f","f","t","t","f","f","f","f","f","n","f","f","f","nowin"
"t","f","f","f","t","t","f","t","t","g","f","f","t","t","f","f","f","f","f","n","f","f","f","nowin"
"t","f","f","f","t","t","t","t","t","g","f","f","t","t","f","f","f","f","f","n","f","f","f","nowin"
"t","f","f","t","t","t","f","f","t","g","f","f","t","t","f","t","f","f","f","n","f","f","f","nowin"
"t","f","t","f","t","t","f","f","t","g","f","f","t","t","f","f","f","f","f","n","f","f","f","nowin"
"t","f","t","f","t","t","t","t","t","g","f","f","t","t","f","f","f","f","f","n","f","f","f","nowin"
"f","f","f","t","t","t","f","f","t","l","t","f","t","t","f","t","f","f","f","n","f","t","f","nowin"
"t","f","f","t","t","t","f","f","t","l","t","f","t","t","f","t","f","f","f","n","f","t","f","nowin"
"f","f","t","f","t","t","f","f","t","l","f","f","t","t","f","f","f","f","f","n","f","t","f","nowin"
"t","f","t","f","t","t","f","f","t","l","f","f","t","t","f","f","f","f","f","n","f","t","f","nowin"
"f","f","f","f","f","t","f","f","t","g","t","f","t","t","f","f","f","f","f","n","f","t","f","nowin"
"f","f","f","f","t","t","f","f","t","g","t","f","t","t","f","f","f","f","f","n","f","t","f","nowin"
"t","f","f","f","t","t","f","f","t","g","t","f","t","t","f","f","f","f","f","n","f","t","f","nowin"
"f","f","f","f","t","t","f","f","t","g","f","f","t","t","f","f","f","f","f","n","f","t","f","nowin"
"f","f","f","f","f","t","f","f","t","l","t","t","t","n","f","f","f","f","f","n","f","f","f","nowin"
"f","f","f","f","f","f","f","f","t","l","t","t","t","n","f","f","f","f","f","n","f","f","f","nowin"
"f","f","f","f","f","t","t","t","t","l","t","t","t","n","f","f","f","f","f","n","f","f","f","nowin"
"f","f","f","f","t","t","f","f","t","l","t","t","t","n","f","f","f","f","f","n","f","f","f","nowin"
"f","f","f","f","t","t","t","t","t","l","t","t","t","n","f","f","f","f","f","n","f","f","f","nowin"
"f","f","t","f","f","t","f","f","t","l","t","t","t","n","f","f","f","f","f","n","f","f","f","nowin"
"f","f","t","f","f","f","f","f","t","l","t","t","t","n","f","f","f","f","f","n","f","f","f","nowin"
"f","f","t","f","t","t","f","f","t","l","t","t","t","n","f","f","f","f","f","n","f","f","f","nowin"
"f","t","f","f","f","t","f","f","t","l","t","t","t","n","f","f","f","f","f","n","f","f","f","nowin"
"f","t","f","f","f","t","f","f","t","l","t","t","t","n","f","f","f","f","f","n","f","f","f","nowin"
"f","t","f","f","f","t","t","f","t","l","t","t","t","n","f","f","f","f","f","n","f","f","f","nowin"
"f","t","f","f","t","t","f","f","t","l","t","t","t","n","f","f","f","f","f","n","f","f","f","nowin"
"f","t","f","f","t","t","f","f","t","l","t","t","t","n","f","f","f","t","f","n","f","f","f","nowin"
"f","t","f","f","t","t","t","f","t","l","t","t","t","n","f","f","f","f","f","n","f","f","f","nowin"
"f","t","f","f","t","t","t","t","t","l","t","t","t","n","f","f","f","f","f","n","f","f","f","nowin"
"f","t","t","f","f","t","f","f","t","l","t","t","t","n","f","f","f","f","f","n","f","f","f","nowin"
"f","t","t","f","t","t","f","f","t","l","t","t","t","n","f","f","f","f","f","n","f","f","f","nowin"
"f","t","t","f","t","t","f","f","t","l","t","t","t","n","f","f","f","t","f","n","f","f","f","nowin"
"f","f","f","f","f","t","f","f","t","l","t","t","f","n","f","f","f","f","t","n","f","f","f","nowin"
"f","f","f","f","t","t","f","f","t","l","t","t","f","n","f","f","f","f","f","n","f","f","f","nowin"
"f","f","f","f","t","t","t","f","t","l","t","t","f","n","f","f","f","f","f","n","f","f","f","nowin"
"f","f","t","f","t","t","f","f","t","l","t","t","f","n","f","f","f","f","f","n","f","f","f","nowin"
"f","f","t","f","t","t","t","f","t","l","t","t","f","n","f","f","f","f","f","n","f","f","f","nowin"
"f","t","f","f","t","t","f","f","t","l","t","t","f","n","f","f","f","f","f","n","f","f","f","nowin"
"f","t","f","f","t","t","f","f","t","l","t","t","f","n","f","f","f","t","f","n","f","f","f","nowin"
"f","t","f","f","t","t","t","f","t","l","t","t","f","n","f","f","f","f","f","n","f","f","f","nowin"
"f","t","f","f","t","t","t","f","t","l","t","t","f","n","f","f","f","f","t","n","f","f","f","nowin"
"f","t","f","f","t","t","t","t","t","l","t","t","f","n","f","f","f","f","f","n","f","f","f","nowin"
"f","t","f","f","t","t","t","t","t","l","t","t","f","n","f","f","f","f","t","n","f","f","f","nowin"
"f","t","t","f","t","t","f","f","t","l","t","t","f","n","f","f","f","f","f","n","f","f","f","nowin"
"f","t","t","f","t","t","f","f","t","l","t","t","f","n","f","f","f","f","f","n","f","f","f","nowin"
"f","t","t","f","t","t","f","f","t","l","t","t","f","n","f","f","f","t","f","n","f","f","f","nowin"
"f","t","f","f","f","t","f","f","t","l","t","t","t","n","f","f","f","f","f","w","f","f","f","nowin"
"f","t","f","f","f","t","f","f","t","l","t","t","t","n","f","f","f","f","f","b","f","f","f","nowin"
"f","t","f","f","f","t","t","f","t","l","t","t","t","n","f","f","f","f","t","b","f","f","f","nowin"
"f","t","f","f","t","t","f","f","t","l","t","t","t","n","f","f","f","f","f","b","f","f","f","nowin"
"f","t","f","f","t","t","f","f","t","l","t","t","t","n","f","f","f","t","f","b","f","f","f","nowin"
"f","t","f","f","t","t","t","f","t","l","t","t","t","n","f","f","f","f","f","w","f","f","f","nowin"
"f","t","f","f","t","t","t","f","t","l","t","t","t","n","f","f","f","f","f","b","f","f","f","nowin"
"f","t","f","f","t","t","t","t","t","l","t","t","t","n","f","f","f","f","f","w","f","f","f","nowin"
"f","t","t","f","f","t","f","f","t","l","t","t","t","n","f","f","f","f","f","w","f","f","f","nowin"
"f","t","t","f","f","t","f","f","t","l","t","t","t","n","f","f","f","f","f","b","f","f","f","nowin"
"f","t","t","f","t","t","f","f","t","l","t","t","t","n","f","f","f","f","f","b","f","f","f","nowin"
"f","t","f","f","t","t","f","f","t","l","t","t","f","n","f","f","f","f","f","b","f","f","f","nowin"
"f","t","f","f","t","t","t","f","t","l","t","t","f","n","f","f","f","f","f","w","f","f","f","nowin"
"f","t","f","f","t","t","t","t","t","l","t","t","f","n","f","f","f","f","f","w","f","f","f","nowin"
"f","t","t","f","t","t","f","f","t","l","t","t","f","n","f","f","f","f","f","b","f","f","f","nowin"
"f","f","f","f","f","f","f","f","f","l","t","t","t","n","f","f","f","f","f","n","f","f","f","nowin"
"f","f","f","f","t","t","f","f","f","l","t","t","t","n","f","f","f","f","f","n","f","f","f","nowin"
"f","f","f","f","t","f","f","f","f","l","t","t","t","n","f","f","f","f","f","n","f","f","f","nowin"
"f","f","t","f","t","f","f","f","f","l","t","t","t","n","f","f","f","f","f","n","f","f","f","nowin"
"f","t","f","f","f","t","f","f","f","l","t","t","t","n","f","f","f","f","f","n","f","f","f","nowin"
"f","t","f","f","f","f","f","f","f","l","t","t","t","n","f","f","f","f","f","n","f","f","f","nowin"
"f","t","t","f","f","t","f","f","f","l","t","t","t","n","f","f","f","f","f","n","f","f","f","nowin"
"f","t","t","f","f","f","f","f","f","l","t","t","t","n","f","f","f","f","f","n","f","f","f","nowin"
"f","t","f","f","t","t","f","f","t","l","t","t","t","n","f","f","f","f","f","b","f","f","f","nowin"
"f","f","f","t","f","f","t","f","t","l","t","t","t","n","t","f","f","f","f","n","f","f","f","nowin"
"f","f","f","t","f","t","t","t","t","l","t","t","t","n","t","f","f","f","f","n","f","f","f","nowin"
"f","f","f","t","f","f","t","t","t","l","t","t","t","n","t","f","f","f","f","n","f","f","f","nowin"
"f","f","f","t","f","f","t","f","t","l","t","t","t","n","t","t","f","f","f","n","f","f","f","nowin"
"f","f","f","t","t","f","t","f","t","l","t","t","t","n","t","f","f","f","f","n","f","f","f","nowin"
"f","f","f","t","t","t","t","t","t","l","t","t","t","n","t","f","f","f","f","n","f","f","f","nowin"
"f","f","f","t","t","f","t","t","t","l","t","t","t","n","t","f","f","f","f","n","f","f","f","nowin"
"f","t","f","t","t","t","t","f","t","l","t","t","t","n","t","f","f","f","f","n","f","f","f","nowin"
"f","t","f","t","t","t","t","t","t","l","t","t","t","n","t","f","f","f","f","n","f","f","f","nowin"
"f","t","f","t","t","t","t","f","t","l","t","t","f","n","t","f","f","f","f","n","f","f","f","nowin"
"f","t","f","t","t","t","t","f","t","l","t","t","t","n","t","f","f","f","f","w","f","f","f","nowin"
"f","f","f","t","f","f","t","t","f","l","t","t","t","n","t","f","f","f","f","n","f","f","f","nowin"
"f","t","f","t","t","t","t","f","f","l","t","t","t","n","t","f","f","f","f","n","f","f","f","nowin"
"f","f","f","f","f","t","f","f","t","l","t","t","t","n","f","f","f","f","f","n","f","f","f","nowin"
"f","f","f","f","t","t","f","f","t","l","t","t","t","n","f","f","f","f","f","n","f","f","f","nowin"
"f","f","t","f","f","t","f","f","t","l","t","t","t","n","f","f","f","f","f","n","f","f","f","nowin"
"t","f","f","f","f","t","f","f","t","l","t","t","t","n","f","f","f","f","f","n","f","f","f","nowin"
"t","f","f","f","f","f","f","f","t","l","t","t","t","n","f","f","f","f","f","n","f","f","f","nowin"
"t","f","f","f","f","t","t","f","t","l","t","t","t","n","f","f","f","f","f","n","f","f","f","nowin"
"t","f","f","f","f","t","t","t","t","l","t","t","t","n","f","f","f","f","f","n","f","f","f","nowin"
"t","f","f","f","t","t","f","f","t","l","t","t","t","n","f","f","f","f","f","n","f","f","f","nowin"
"t","f","f","f","t","t","t","f","t","l","t","t","t","n","f","f","f","f","f","n","f","f","f","nowin"
"t","f","f","f","t","t","t","t","t","l","t","t","t","n","f","f","f","f","f","n","f","f","f","nowin"
"t","f","t","f","f","t","f","f","t","l","t","t","t","n","f","f","f","f","f","n","f","f","f","nowin"
"t","f","t","f","f","t","f","f","t","l","t","t","t","n","f","f","f","f","f","n","f","f","t","nowin"
"t","f","t","f","f","t","t","f","t","l","t","t","t","n","f","f","f","f","f","n","f","f","f","nowin"
"t","f","t","f","f","t","t","t","t","l","t","t","t","n","f","f","f","f","f","n","f","f","f","nowin"
"t","f","t","f","f","t","t","t","t","l","t","t","t","n","f","f","f","f","f","n","f","f","f","nowin"
"t","f","t","f","t","t","f","f","t","l","t","t","t","n","f","f","f","f","f","n","f","f","f","nowin"
"t","t","f","f","f","t","f","f","t","l","t","t","t","n","f","f","f","f","f","n","f","f","f","nowin"
"t","t","f","f","t","t","f","f","t","l","t","t","t","n","f","f","f","t","f","n","f","f","f","nowin"
"t","t","f","f","t","t","t","f","t","l","t","t","t","n","f","f","f","f","f","n","f","f","f","nowin"
"t","t","f","f","t","t","t","t","t","l","t","t","t","n","f","f","f","f","f","n","f","f","f","nowin"
"t","t","t","f","f","t","f","f","t","l","t","t","t","n","f","f","f","f","f","n","f","f","f","nowin"
"t","t","t","f","f","t","t","f","t","l","t","t","t","n","f","f","f","f","f","n","f","f","f","nowin"
"t","t","t","f","t","t","f","f","t","l","t","t","t","n","f","f","f","t","f","n","f","f","f","nowin"
"t","t","t","f","t","t","t","f","t","l","t","t","t","n","f","f","f","f","f","n","f","f","f","nowin"
"t","t","t","f","t","t","t","t","t","l","t","t","t","n","f","f","f","f","f","n","f","f","f","nowin"
"t","t","f","f","t","t","f","f","t","l","t","t","f","n","f","f","f","t","f","n","f","f","f","nowin"
"t","t","f","f","t","t","t","f","t","l","t","t","f","n","f","f","f","f","f","n","f","f","f","nowin"
"t","t","f","f","t","t","t","f","t","l","t","t","f","n","f","f","f","f","t","n","f","f","f","nowin"
"t","t","f","f","t","t","t","t","t","l","t","t","f","n","f","f","f","f","f","n","f","f","f","nowin"
"t","t","t","f","t","t","f","f","t","l","t","t","f","n","f","f","f","t","f","n","f","f","f","nowin"
"t","t","f","f","f","t","f","f","t","l","t","t","t","n","f","f","f","f","f","w","f","f","f","nowin"
"t","t","f","f","f","t","f","f","t","l","t","t","t","n","f","f","f","f","f","b","f","f","f","nowin"
"t","t","f","f","f","t","t","f","t","l","t","t","t","n","f","f","f","f","t","w","f","f","f","nowin"
"t","t","f","f","t","t","t","f","t","l","t","t","t","n","f","f","f","f","f","w","f","f","f","nowin"
"t","t","f","f","t","t","t","t","t","l","t","t","t","n","f","f","f","f","f","w","f","f","f","nowin"
"t","t","t","f","f","t","f","f","t","l","t","t","t","n","f","f","f","f","f","w","f","f","f","nowin"
"t","t","t","f","f","t","f","f","t","l","t","t","t","n","f","f","f","f","f","b","f","f","f","nowin"
"t","t","t","f","f","t","t","f","t","l","t","t","t","n","f","f","f","f","t","w","f","f","f","nowin"
"t","t","f","f","t","t","t","f","t","l","t","t","f","n","f","f","f","f","f","w","f","f","f","nowin"
"t","t","f","f","t","t","t","t","t","l","t","t","f","n","f","f","f","f","f","w","f","f","f","nowin"
"t","f","f","f","f","f","f","f","f","l","t","t","t","n","f","f","f","f","f","n","f","f","f","nowin"
"t","f","f","f","t","t","f","f","f","l","t","t","t","n","f","f","f","f","f","n","f","f","f","nowin"
"t","f","f","f","t","f","f","f","f","l","t","t","t","n","f","f","f","f","f","n","f","f","f","nowin"
"t","f","t","f","f","f","f","f","f","l","t","t","t","n","f","f","f","f","f","n","f","f","f","nowin"
"t","t","f","f","f","t","f","f","f","l","t","t","t","n","f","f","f","f","f","n","f","f","f","nowin"
"t","t","f","f","f","f","f","f","f","l","t","t","t","n","f","f","f","f","f","n","f","f","f","nowin"
"t","t","t","f","f","t","f","f","f","l","t","t","t","n","f","f","f","f","f","n","f","f","f","nowin"
"t","t","f","f","t","t","t","f","f","l","t","t","t","n","f","f","f","f","f","w","f","f","f","nowin"
"t","f","f","t","f","t","f","f","t","l","t","t","t","n","t","f","f","f","f","n","f","f","f","nowin"
"t","f","f","t","f","t","f","t","t","l","t","t","t","n","t","f","f","f","f","n","f","f","f","nowin"
"t","f","f","t","f","t","t","f","t","l","t","t","t","n","t","f","f","f","f","n","f","f","f","nowin"
"t","f","f","t","f","t","t","t","t","l","t","t","t","n","t","f","f","f","f","n","f","f","f","nowin"
"t","f","f","t","t","t","f","f","t","l","t","t","t","n","t","f","f","f","f","n","f","f","f","nowin"
"t","f","f","t","t","t","t","f","t","l","t","t","t","n","t","f","f","f","f","n","f","f","f","nowin"
"t","f","f","t","t","t","t","t","t","l","t","t","t","n","t","f","f","f","f","n","f","f","f","nowin"
"t","t","f","t","f","t","f","f","t","l","t","t","t","n","t","f","f","f","f","n","f","f","f","nowin"
"t","t","f","t","f","t","f","f","t","l","t","t","t","n","t","f","f","f","t","n","f","f","f","nowin"
"t","t","f","t","f","t","f","t","t","l","t","t","t","n","t","f","f","f","f","n","f","f","f","nowin"
"t","t","f","t","t","t","f","f","t","l","t","t","t","n","t","f","f","f","f","n","f","f","f","nowin"
"t","t","f","t","t","t","f","f","t","l","t","t","t","n","t","f","f","f","t","n","f","f","f","nowin"
"t","t","f","t","t","t","t","f","t","l","t","t","t","n","t","f","f","f","f","n","f","f","f","nowin"
"t","t","f","t","f","t","f","f","t","l","t","t","f","n","t","f","f","f","f","n","f","f","f","nowin"
"t","t","f","t","t","t","f","f","t","l","t","t","f","n","t","f","f","f","f","n","f","f","f","nowin"
"t","t","f","t","t","t","t","f","t","l","t","t","f","n","t","f","f","f","f","n","f","f","f","nowin"
"t","t","f","t","f","t","f","f","t","l","t","t","t","n","t","f","f","f","f","w","f","f","f","nowin"
"t","t","f","t","f","t","f","f","t","l","t","t","t","n","t","f","f","f","f","b","f","f","f","nowin"
"t","t","f","t","f","t","f","t","t","l","t","t","t","n","t","f","f","f","f","b","f","f","f","nowin"
"t","t","f","t","t","t","f","f","t","l","t","t","t","n","t","f","f","f","f","w","f","f","f","nowin"
"t","t","f","t","t","t","f","f","t","l","t","t","t","n","t","f","f","f","f","b","f","f","f","nowin"
"t","t","f","t","t","t","t","f","t","l","t","t","t","n","t","f","f","f","f","w","f","f","f","nowin"
"t","t","f","t","f","t","f","f","t","l","t","t","f","n","t","f","f","f","f","w","f","f","f","nowin"
"t","f","f","t","f","t","f","f","f","l","t","t","t","n","t","f","f","f","f","n","f","f","f","nowin"
"t","f","f","t","f","f","f","f","f","l","t","t","t","n","t","f","f","f","f","n","f","f","f","nowin"
"t","f","f","t","f","t","f","t","f","l","t","t","t","n","t","f","f","f","f","n","f","f","f","nowin"
"t","f","f","t","f","f","f","t","f","l","t","t","t","n","t","f","f","f","f","n","f","f","f","nowin"
"t","t","f","t","f","f","f","t","f","l","t","t","t","n","t","f","f","f","f","n","f","f","f","nowin"
"f","f","f","f","f","t","f","f","t","l","f","t","t","n","f","f","f","f","f","n","f","f","f","nowin"
"f","f","f","f","f","f","f","f","t","l","f","t","t","n","f","f","f","f","f","n","f","f","f","nowin"
"f","f","t","f","f","t","f","f","t","l","f","t","t","n","f","f","f","f","f","n","f","f","f","nowin"
"f","f","t","f","f","f","f","f","t","l","f","t","t","n","f","f","f","f","f","n","f","f","f","nowin"
"f","f","f","f","t","t","f","f","f","l","f","t","t","n","f","f","f","f","f","n","f","f","f","nowin"
"f","f","f","f","t","f","f","f","f","l","f","t","t","n","f","f","f","f","f","n","f","f","f","nowin"
"f","f","f","t","f","f","t","t","t","l","f","t","t","n","t","f","f","f","f","n","f","f","f","nowin"
"f","f","f","t","t","f","t","f","t","l","f","t","t","n","t","f","f","f","f","n","f","f","f","nowin"
"t","f","f","f","f","t","f","f","t","l","f","t","t","n","f","f","f","f","f","n","f","f","f","nowin"
"t","f","f","f","f","f","f","f","t","l","f","t","t","n","f","f","f","f","f","n","f","f","f","nowin"
"t","f","t","f","f","t","f","f","t","l","f","t","t","n","f","f","f","f","f","n","f","f","f","nowin"
"t","f","t","f","f","f","f","f","t","l","f","t","t","n","f","f","f","f","f","n","f","f","f","nowin"
"t","f","t","f","f","t","t","f","t","l","f","t","t","n","f","f","f","f","f","n","f","f","f","nowin"
"t","f","t","f","t","t","f","f","f","l","f","t","t","n","f","f","f","f","f","n","f","f","f","nowin"
"t","f","f","t","f","t","f","f","t","l","f","t","t","n","t","f","f","f","f","n","f","f","f","nowin"
"t","f","f","t","f","t","f","t","t","l","f","t","t","n","t","f","f","f","f","n","f","f","f","nowin"
"t","f","f","t","t","t","f","f","t","l","f","t","t","n","t","f","f","f","f","n","f","f","f","nowin"
"t","f","f","t","t","t","f","t","t","l","f","t","t","n","t","f","f","f","f","n","f","f","f","nowin"
"t","f","f","t","f","t","f","f","f","l","f","t","t","n","t","f","f","f","f","n","f","f","f","nowin"
"t","f","f","t","f","f","f","f","f","l","f","t","t","n","t","f","f","f","f","n","f","f","f","nowin"
"t","f","f","t","f","t","f","t","f","l","f","t","t","n","t","f","f","f","f","n","f","f","f","nowin"
"t","f","f","t","t","f","f","f","f","l","f","t","t","n","t","f","f","f","f","n","f","f","f","nowin"
"f","f","f","f","f","t","f","f","t","g","t","t","t","n","f","f","f","f","f","n","f","f","f","nowin"
"f","f","f","f","f","t","t","t","t","g","t","t","t","n","f","f","f","f","f","n","f","f","f","nowin"
"f","f","f","f","t","t","f","f","t","g","t","t","t","n","f","f","f","f","f","n","f","f","f","nowin"
"f","f","f","f","t","t","t","t","t","g","t","t","t","n","f","f","f","f","f","n","f","f","f","nowin"
"f","f","t","f","f","t","f","f","t","g","t","t","t","n","f","f","f","f","f","n","f","f","f","nowin"
"f","f","t","f","t","t","f","f","t","g","t","t","t","n","f","f","f","f","f","n","f","f","f","nowin"
"f","t","f","f","f","t","f","f","t","g","t","t","t","n","f","f","f","f","f","n","f","f","f","nowin"
"f","t","f","f","f","t","f","t","t","g","t","t","t","n","f","f","f","f","f","n","f","f","t","nowin"
"f","t","f","f","f","t","t","f","t","g","t","t","t","n","f","f","f","f","f","n","f","f","f","nowin"
"f","t","f","f","f","t","t","t","t","g","t","t","t","n","f","f","f","f","f","n","f","f","f","nowin"
"f","t","f","f","t","t","f","f","t","g","t","t","t","n","f","f","f","f","f","n","f","f","f","nowin"
"f","t","f","f","t","t","t","f","t","g","t","t","t","n","f","f","f","f","f","n","f","f","f","nowin"
"f","t","f","f","t","t","t","t","t","g","t","t","t","n","f","f","f","f","f","n","f","f","f","nowin"
"f","t","t","f","f","t","f","f","t","g","t","t","t","n","f","f","f","f","f","n","f","f","f","nowin"
"f","t","t","f","t","t","f","f","t","g","t","t","t","n","f","f","f","f","f","n","f","f","f","nowin"
"f","f","f","f","t","t","f","f","t","g","t","t","f","n","f","f","f","f","f","n","f","f","f","nowin"
"f","t","f","f","t","t","f","f","t","g","t","t","f","n","f","f","f","f","f","n","f","f","f","nowin"
"f","t","f","f","t","t","t","f","t","g","t","t","f","n","f","f","f","f","f","n","f","f","f","nowin"
"f","t","f","f","t","t","t","t","t","g","t","t","f","n","f","f","f","f","f","n","f","f","f","nowin"
"f","t","t","f","t","t","f","f","t","g","t","t","f","n","f","f","f","f","f","n","f","f","f","nowin"
"f","t","f","f","f","t","f","f","t","g","t","t","t","n","f","f","f","f","f","b","f","f","f","nowin"
"f","t","f","f","f","t","t","t","t","g","t","t","t","n","f","f","f","f","f","b","f","f","f","nowin"
"f","t","f","f","t","t","f","f","t","g","t","t","t","n","f","f","f","f","f","b","f","f","f","nowin"
"f","t","f","f","t","t","t","f","t","g","t","t","t","n","f","f","f","f","f","b","f","f","f","nowin"
"f","t","t","f","f","t","f","f","t","g","t","t","t","n","f","f","f","f","f","b","f","f","f","nowin"
"f","t","t","f","t","t","f","f","t","g","t","t","t","n","f","f","f","f","f","b","f","f","f","nowin"
"f","t","f","f","t","t","f","f","t","g","t","t","f","n","f","f","f","f","f","b","f","f","f","nowin"
"f","t","f","f","f","t","f","f","t","g","t","t","t","n","f","f","f","f","f","n","f","f","f","nowin"
"f","t","f","f","t","t","f","f","t","g","t","t","t","n","f","f","f","f","f","n","f","f","f","nowin"
"f","f","f","t","f","f","t","f","t","g","t","t","t","n","t","f","f","f","f","n","f","f","f","nowin"
"f","f","f","t","f","t","t","t","t","g","t","t","t","n","t","f","f","f","f","n","f","f","f","nowin"
"f","f","f","t","f","f","t","t","t","g","t","t","t","n","t","f","f","f","f","n","f","f","f","nowin"
"f","f","f","t","t","t","t","t","t","g","t","t","t","n","t","f","f","f","f","n","f","f","f","nowin"
"f","t","f","t","f","t","t","t","t","g","t","t","t","n","t","f","f","f","f","n","f","f","f","nowin"
"f","t","f","t","t","t","t","f","t","g","t","t","t","n","t","f","f","f","f","n","f","f","f","nowin"
"f","t","f","t","t","t","t","t","t","g","t","t","t","n","t","f","f","f","f","n","f","f","f","nowin"
"f","f","f","f","f","t","f","f","t","g","t","t","t","n","f","f","f","f","f","n","f","f","f","nowin"
"f","t","f","f","f","t","f","f","t","g","t","t","t","n","f","f","f","f","f","n","f","f","f","nowin"
"t","f","f","f","f","t","f","f","t","g","t","t","t","n","f","f","f","f","f","n","f","f","f","nowin"
"t","f","f","f","f","t","t","f","t","g","t","t","t","n","f","f","f","f","f","n","f","f","f","nowin"
"t","f","f","f","f","t","t","t","t","g","t","t","t","n","f","f","f","f","f","n","f","f","f","nowin"
"t","f","f","f","t","t","f","f","t","g","t","t","t","n","f","f","f","f","f","n","f","f","f","nowin"
"t","f","f","f","t","t","t","t","t","g","t","t","t","n","f","f","f","f","f","n","f","f","f","nowin"
"t","f","t","f","f","t","f","f","t","g","t","t","t","n","f","f","f","f","f","n","f","f","f","nowin"
"t","f","t","f","f","t","f","f","t","g","t","t","t","n","f","f","f","f","f","n","f","f","t","nowin"
"t","f","t","f","f","t","t","t","t","g","t","t","t","n","f","f","f","f","f","n","f","f","f","nowin"
"t","f","t","f","t","t","f","f","t","g","t","t","t","n","f","f","f","f","f","n","f","f","f","nowin"
"t","t","f","f","f","t","f","f","t","g","t","t","t","n","f","f","f","f","f","n","f","f","f","nowin"
"t","t","f","f","f","t","t","f","t","g","t","t","t","n","f","f","f","f","f","n","f","f","f","nowin"
"t","t","f","f","f","t","t","t","t","g","t","t","t","n","f","f","f","f","f","n","f","f","f","nowin"
"t","t","f","f","t","t","f","f","t","g","t","t","t","n","f","f","f","f","f","n","f","f","f","nowin"
"t","t","f","f","t","t","t","f","t","g","t","t","t","n","f","f","f","f","f","n","f","f","f","nowin"
"t","t","f","f","t","t","t","t","t","g","t","t","t","n","f","f","f","f","f","n","f","f","f","nowin"
"t","t","t","f","f","t","f","f","t","g","t","t","t","n","f","f","f","f","f","n","f","f","f","nowin"
"t","t","t","f","f","t","f","f","t","g","t","t","t","n","f","f","f","f","f","n","f","f","t","nowin"
"t","t","t","f","f","t","t","f","t","g","t","t","t","n","f","f","f","f","f","n","f","f","f","nowin"
"t","t","t","f","f","t","t","f","t","g","t","t","t","n","f","f","f","f","f","n","f","f","f","nowin"
"t","t","t","f","f","t","t","t","t","g","t","t","t","n","f","f","f","f","f","n","f","f","f","nowin"
"t","t","t","f","t","t","f","f","t","g","t","t","t","n","f","f","f","f","f","n","f","f","f","nowin"
"t","t","t","f","t","t","f","f","t","g","t","t","t","n","f","f","f","f","f","n","f","f","t","nowin"
"t","t","t","f","t","t","t","f","t","g","t","t","t","n","f","f","f","f","f","n","f","f","f","nowin"
"t","t","t","f","t","t","t","t","t","g","t","t","t","n","f","f","f","f","f","n","f","f","f","nowin"
"t","t","f","f","t","t","f","f","t","g","t","t","f","n","f","f","f","f","f","n","f","f","f","nowin"
"t","t","f","f","t","t","t","f","t","g","t","t","f","n","f","f","f","f","f","n","f","f","f","nowin"
"t","t","f","f","t","t","t","t","t","g","t","t","f","n","f","f","f","f","f","n","f","f","f","nowin"
"t","t","t","f","t","t","f","f","t","g","t","t","f","n","f","f","f","f","f","n","f","f","f","nowin"
"t","t","f","f","f","t","f","f","t","g","t","t","t","n","f","f","f","f","f","b","f","f","f","nowin"
"t","t","t","f","f","t","f","f","t","g","t","t","t","n","f","f","f","f","f","b","f","f","f","nowin"
"t","f","f","t","f","t","f","f","t","g","t","t","t","n","t","f","f","f","f","n","f","f","f","nowin"
"t","f","f","t","f","t","f","t","t","g","t","t","t","n","t","f","f","f","f","n","f","f","f","nowin"
"t","f","f","t","f","t","t","f","t","g","t","t","t","n","t","f","f","f","f","n","f","f","f","nowin"
"t","f","f","t","f","t","t","t","t","g","t","t","t","n","t","f","f","f","f","n","f","f","f","nowin"
"t","f","f","t","t","t","f","f","t","g","t","t","t","n","t","f","f","f","f","n","f","f","f","nowin"
"t","f","f","t","t","t","f","t","t","g","t","t","t","n","t","f","f","f","f","n","f","f","f","nowin"
"t","f","f","t","t","t","t","t","t","g","t","t","t","n","t","f","f","f","f","n","f","f","f","nowin"
"t","t","f","t","f","t","f","f","t","g","t","t","t","n","t","f","f","f","f","n","f","f","f","nowin"
"t","t","f","t","f","t","f","t","t","g","t","t","t","n","t","f","f","f","f","n","f","f","f","nowin"
"t","t","f","t","f","t","t","t","t","g","t","t","t","n","t","f","f","f","f","n","f","f","f","nowin"
"t","t","f","t","t","t","f","f","t","g","t","t","t","n","t","f","f","f","f","n","f","f","f","nowin"
"t","t","f","t","t","t","t","f","t","g","t","t","t","n","t","f","f","f","f","n","f","f","f","nowin"
"t","t","f","t","f","t","f","f","t","g","t","t","f","n","t","f","f","f","f","n","f","f","f","nowin"
"t","t","f","t","t","t","f","f","t","g","t","t","f","n","t","f","f","f","f","n","f","f","f","nowin"
"t","t","f","t","f","t","f","f","t","g","t","t","t","n","t","f","f","f","f","b","f","f","f","nowin"
"t","f","f","f","f","t","f","f","t","g","t","t","t","n","f","f","f","f","f","n","f","f","f","nowin"
"t","t","f","f","f","t","f","f","t","g","t","t","t","n","f","f","f","f","f","n","f","f","f","nowin"
"f","f","f","f","f","t","f","f","t","g","f","t","t","n","f","f","f","f","f","n","f","f","f","nowin"
"f","f","f","f","f","t","t","t","t","g","f","t","t","n","f","f","f","f","f","n","f","f","f","nowin"
"f","f","f","f","t","t","f","f","t","g","f","t","t","n","f","f","f","f","f","n","f","f","f","nowin"
"f","f","f","f","t","t","t","t","t","g","f","t","t","n","f","f","f","f","f","n","f","f","f","nowin"
"f","f","t","f","f","t","f","f","t","g","f","t","t","n","f","f","f","f","f","n","f","f","f","nowin"
"f","f","t","f","t","t","f","f","t","g","f","t","t","n","f","f","f","f","f","n","f","f","f","nowin"
"f","f","f","f","f","t","f","f","t","g","f","t","t","n","f","f","f","f","f","n","f","f","f","nowin"
"f","f","f","f","t","t","f","f","t","g","f","t","t","n","f","f","f","f","f","n","f","f","f","nowin"
"f","f","f","t","f","t","t","t","t","g","f","t","t","n","t","f","f","f","f","n","f","f","f","nowin"
"f","f","f","f","f","t","f","f","t","g","f","t","t","n","f","f","f","f","f","n","f","f","f","nowin"
"t","f","f","f","f","t","f","f","t","g","f","t","t","n","f","f","f","f","f","n","f","f","f","nowin"
"t","f","f","f","f","t","t","t","t","g","f","t","t","n","f","f","f","f","f","n","f","f","f","nowin"
"t","f","f","f","t","t","f","f","t","g","f","t","t","n","f","f","f","f","f","n","f","f","f","nowin"
"t","f","f","f","t","t","t","t","t","g","f","t","t","n","f","f","f","f","f","n","f","f","f","nowin"
"t","f","t","f","f","t","f","f","t","g","f","t","t","n","f","f","f","f","f","n","f","f","f","nowin"
"t","f","t","f","f","t","f","f","t","g","f","t","t","n","f","f","f","f","f","n","f","f","t","nowin"
"t","f","t","f","f","t","t","t","t","g","f","t","t","n","f","f","f","f","f","n","f","f","f","nowin"
"t","f","t","f","t","t","f","f","t","g","f","t","t","n","f","f","f","f","f","n","f","f","f","nowin"
"t","f","t","f","t","t","f","f","t","g","f","t","t","n","f","f","f","f","f","n","f","f","t","nowin"
"t","f","f","t","f","t","f","f","t","g","f","t","t","n","t","f","f","f","f","n","f","f","f","nowin"
"t","f","f","t","f","t","f","t","t","g","f","t","t","n","t","f","f","f","f","n","f","f","f","nowin"
"t","f","f","t","t","t","f","f","t","g","f","t","t","n","t","f","f","f","f","n","f","f","f","nowin"
"t","f","f","f","f","t","f","f","t","g","f","t","t","n","f","f","f","f","f","n","f","f","f","nowin"
"f","f","f","f","f","t","f","f","t","l","t","t","t","n","f","f","f","f","f","n","f","t","f","nowin"
"f","f","f","f","f","f","f","f","t","l","t","t","t","n","f","f","f","f","f","n","f","t","f","nowin"
"f","f","f","f","t","t","f","f","t","l","t","t","t","n","f","f","f","f","f","n","f","t","f","nowin"
"f","f","t","f","t","t","f","f","t","l","t","t","t","n","f","f","f","f","f","n","f","t","f","nowin"
"t","f","f","f","f","t","f","f","t","l","t","t","t","n","f","f","f","f","f","n","f","t","f","nowin"
"t","f","f","f","t","t","f","f","t","l","t","t","t","n","f","f","f","f","f","n","f","t","f","nowin"
"t","f","t","f","t","t","f","f","t","l","t","t","t","n","f","f","f","f","f","n","f","t","f","nowin"
"f","f","f","f","f","t","f","f","t","l","f","t","t","n","f","f","f","f","f","n","f","t","f","nowin"
"f","f","f","f","f","f","f","f","t","l","f","t","t","n","f","f","f","f","f","n","f","t","f","nowin"
"f","f","t","f","f","t","f","f","t","l","f","t","t","n","f","f","f","f","f","n","f","t","f","nowin"
"f","f","f","f","f","t","f","f","t","g","t","t","t","n","f","f","f","f","f","n","f","t","f","nowin"
"f","f","f","f","t","t","f","f","t","g","t","t","t","n","f","f","f","f","f","n","f","t","f","nowin"
"f","f","t","f","t","t","f","f","t","g","t","t","t","n","f","f","f","f","f","n","f","t","f","nowin"
"t","f","f","f","f","t","f","f","t","g","t","t","t","n","f","f","f","f","f","n","f","t","f","nowin"
"t","f","f","f","t","t","f","f","t","g","t","t","t","n","f","f","f","f","f","n","f","t","f","nowin"
"t","f","t","f","t","t","f","f","t","g","t","t","t","n","f","f","f","f","f","n","f","t","f","nowin"
"f","f","f","f","f","t","f","f","t","g","f","t","t","n","f","f","f","f","f","n","f","t","f","nowin"
"f","f","f","f","t","t","f","f","t","g","f","t","t","n","f","f","f","f","f","n","f","t","f","nowin"
"f","f","t","f","f","t","f","f","t","g","f","t","t","n","f","f","f","f","f","n","f","t","f","nowin"
"t","f","f","f","f","t","f","f","t","g","f","t","t","n","f","f","f","f","f","n","f","t","f","nowin"
"t","f","f","f","t","t","f","f","t","g","f","t","t","n","f","f","f","f","f","n","f","t","f","nowin"
"t","f","t","f","f","t","f","f","t","g","f","t","t","n","f","f","f","f","f","n","f","t","f","nowin"
"f","f","f","f","f","t","f","f","t","l","t","t","t","t","f","f","f","f","f","n","f","f","f","nowin"
"f","f","f","f","f","f","f","f","t","l","t","t","t","t","f","f","f","f","f","n","f","f","f","nowin"
"f","f","f","f","f","t","t","t","t","l","t","t","t","t","f","f","f","f","f","n","f","f","f","nowin"
"f","f","t","f","f","t","f","f","t","l","t","t","t","t","f","f","f","f","f","n","f","f","f","nowin"
"f","f","t","f","f","f","f","f","t","l","t","t","t","t","f","f","f","f","f","n","f","f","f","nowin"
"f","f","f","t","f","f","t","f","t","l","t","t","t","t","t","f","f","f","f","n","f","f","f","nowin"
"f","f","f","t","f","t","t","t","t","l","t","t","t","t","t","f","f","f","f","n","f","f","f","nowin"
"f","f","f","t","f","f","t","t","t","l","t","t","t","t","t","f","f","f","f","n","f","f","f","nowin"
"t","f","f","f","f","t","f","f","t","l","t","t","t","t","f","f","f","f","f","n","f","f","f","nowin"
"t","f","f","f","f","f","f","f","t","l","t","t","t","t","f","f","f","f","f","n","f","f","f","nowin"
"t","f","f","f","f","t","t","f","t","l","t","t","t","t","f","f","f","f","f","n","f","f","f","nowin"
"t","f","f","f","f","t","t","t","t","l","t","t","t","t","f","f","f","f","f","n","f","f","f","nowin"
"t","f","t","f","f","t","f","f","t","l","t","t","t","t","f","f","f","f","f","n","f","f","f","nowin"
"t","f","t","f","f","f","f","f","t","l","t","t","t","t","f","f","f","f","f","n","f","f","f","nowin"
"t","f","f","t","f","t","f","f","t","l","t","t","t","t","t","f","f","f","f","n","f","f","f","nowin"
"t","f","f","t","f","t","t","f","t","l","t","t","t","t","t","f","f","f","f","n","f","f","f","nowin"
"t","f","f","t","f","t","t","t","t","l","t","t","t","t","t","f","f","f","f","n","f","f","f","nowin"
"f","f","f","f","f","t","f","f","t","l","f","t","t","t","f","f","f","f","f","n","f","f","f","nowin"
"f","f","f","f","f","f","f","f","t","l","f","t","t","t","f","f","f","f","f","n","f","f","f","nowin"
"f","f","f","f","f","t","t","t","t","l","f","t","t","t","f","f","f","f","f","n","f","f","f","nowin"
"f","f","f","f","t","t","t","t","t","l","f","t","t","t","f","f","f","f","f","n","f","f","f","nowin"
"f","f","t","f","f","t","f","f","t","l","f","t","t","t","f","f","f","f","f","n","f","f","f","nowin"
"f","f","t","f","f","f","f","f","t","l","f","t","t","t","f","f","f","f","f","n","f","f","f","nowin"
"f","f","f","f","f","t","f","f","f","l","f","t","t","t","f","f","f","f","f","n","f","f","f","nowin"
"f","f","f","f","f","t","f","f","f","l","f","t","t","t","f","f","f","f","f","n","f","f","f","nowin"
"f","f","f","f","f","t","f","f","t","l","f","t","t","t","f","f","f","f","f","n","f","f","f","nowin"
"t","f","f","f","f","t","f","f","t","l","f","t","t","t","f","f","f","f","f","n","f","f","f","nowin"
"t","f","f","f","f","f","f","f","t","l","f","t","t","t","f","f","f","f","f","n","f","f","f","nowin"
"t","f","f","f","f","t","t","t","t","l","f","t","t","t","f","f","f","f","f","n","f","f","f","nowin"
"t","f","f","f","t","t","t","t","t","l","f","t","t","t","f","f","f","f","f","n","f","f","f","nowin"
"t","f","t","f","f","t","f","f","t","l","f","t","t","t","f","f","f","f","f","n","f","f","f","nowin"
"t","f","t","f","f","f","f","f","t","l","f","t","t","t","f","f","f","f","f","n","f","f","f","nowin"
"t","f","t","f","f","t","f","f","t","l","f","t","t","t","f","f","f","f","f","n","f","f","t","nowin"
"t","f","t","f","f","t","t","t","t","l","f","t","t","t","f","f","f","f","f","n","f","f","f","nowin"
"t","f","t","f","f","t","f","f","f","l","f","t","t","t","f","f","f","f","f","n","f","f","f","nowin"
"t","f","f","t","f","t","f","f","t","l","f","t","t","t","t","f","f","f","f","n","f","f","f","nowin"
"t","f","f","t","f","t","f","t","t","l","f","t","t","t","t","f","f","f","f","n","f","f","f","nowin"
"t","f","f","t","t","t","f","f","t","l","f","t","t","t","t","f","f","f","f","n","f","f","f","nowin"
"f","f","f","f","f","t","f","f","t","g","t","t","t","t","f","f","f","f","f","n","f","f","f","nowin"
"f","f","f","f","f","t","t","t","t","g","t","t","t","t","f","f","f","f","f","n","f","f","f","nowin"
"f","f","t","f","f","t","f","f","t","g","t","t","t","t","f","f","f","f","f","n","f","f","f","nowin"
"t","f","f","f","f","t","f","f","t","g","t","t","t","t","f","f","f","f","f","n","f","f","f","nowin"
"t","f","f","f","f","t","t","f","t","g","t","t","t","t","f","f","f","f","f","n","f","f","f","nowin"
"t","f","f","f","f","t","t","t","t","g","t","t","t","t","f","f","f","f","f","n","f","f","f","nowin"
"t","f","t","f","f","t","f","f","t","g","t","t","t","t","f","f","f","f","f","n","f","f","f","nowin"
"t","f","f","t","f","t","f","f","t","g","t","t","t","t","t","f","f","f","f","n","f","f","f","nowin"
"t","f","f","t","f","t","t","f","t","g","t","t","t","t","t","f","f","f","f","n","f","f","f","nowin"
"t","f","f","t","t","t","f","f","t","g","t","t","t","t","t","f","f","f","f","n","f","f","f","nowin"
"f","f","f","f","f","t","f","f","t","g","f","t","t","t","f","f","f","f","f","n","f","f","f","nowin"
"f","f","f","f","f","t","t","t","t","g","f","t","t","t","f","f","f","f","f","n","f","f","f","nowin"
"f","f","f","f","t","t","t","t","t","g","f","t","t","t","f","f","f","f","f","n","f","f","f","nowin"
"f","f","t","f","f","t","f","f","t","g","f","t","t","t","f","f","f","f","f","n","f","f","f","nowin"
"f","f","f","f","f","t","f","f","t","g","f","t","t","t","f","f","f","f","f","n","f","f","f","nowin"
"t","f","f","f","f","t","f","f","t","g","f","t","t","t","f","f","f","f","f","n","f","f","f","nowin"
"t","f","f","f","f","t","t","t","t","g","f","t","t","t","f","f","f","f","f","n","f","f","f","nowin"
"t","f","t","f","f","t","f","f","t","g","f","t","t","t","f","f","f","f","f","n","f","f","f","nowin"
"t","f","f","t","f","t","f","f","t","g","f","t","t","t","t","f","f","f","f","n","f","f","f","nowin"
"f","f","f","f","f","t","f","f","t","l","t","t","t","t","f","f","f","f","f","n","f","t","f","nowin"
"f","f","f","f","f","f","f","f","t","l","t","t","t","t","f","f","f","f","f","n","f","t","f","nowin"
"t","f","f","f","f","t","f","f","t","l","t","t","t","t","f","f","f","f","f","n","f","t","f","nowin"
"f","f","f","f","f","t","f","f","t","l","f","t","t","t","f","f","f","f","f","n","f","t","f","nowin"
"f","f","t","f","f","t","f","f","t","l","f","t","t","t","f","f","f","f","f","n","f","t","f","nowin"
"f","f","f","f","f","t","f","f","f","l","f","t","t","t","f","f","f","f","f","n","f","t","f","nowin"
"f","f","f","f","f","t","f","f","t","g","t","t","t","t","f","f","f","f","f","n","f","t","f","nowin"
"t","f","f","f","f","t","f","f","t","g","t","t","t","t","f","f","f","f","f","n","f","t","f","nowin"
"f","f","f","f","f","t","f","f","t","g","f","t","t","t","f","f","f","f","f","n","f","t","f","nowin"
"t","f","f","f","f","t","f","f","t","g","f","t","t","t","f","f","f","f","f","n","f","t","f","nowin"
"f","t","t","f","f","t","f","f","t","g","t","f","f","n","f","f","f","f","f","b","t","f","f","won"
"f","t","t","t","f","t","f","t","t","g","t","f","f","n","f","t","f","f","f","b","t","f","f","won"
"f","t","f","f","f","f","f","f","t","g","t","f","f","n","f","f","f","f","f","b","t","f","f","won"
"f","t","f","f","f","f","f","t","t","g","t","f","f","n","f","f","f","f","f","b","t","f","t","won"
"f","t","f","t","f","t","f","t","t","g","t","f","f","n","f","t","f","f","f","b","t","f","f","won"
"f","t","f","t","f","f","f","t","t","g","t","f","f","n","f","t","f","f","f","b","t","f","f","won"
"f","t","t","f","f","t","f","f","t","g","t","f","t","n","f","f","f","f","f","b","t","f","f","won"
"f","t","f","f","f","f","f","f","t","g","t","f","f","n","f","f","f","f","f","n","t","f","f","won"
"f","t","f","f","f","f","f","t","t","g","t","f","f","n","f","f","f","f","f","n","t","f","t","won"
"f","t","f","t","f","t","f","t","t","g","t","f","f","n","f","t","f","f","f","n","t","f","f","won"
"f","t","f","t","f","f","f","t","t","g","t","f","f","n","f","t","f","f","f","n","t","f","f","won"
"f","t","t","f","f","f","f","f","f","g","t","f","f","n","f","f","f","f","f","b","t","f","f","won"
"f","t","t","f","f","f","f","t","f","g","t","f","f","n","f","f","f","f","f","b","t","f","t","won"
"f","t","t","t","f","f","f","t","f","g","t","f","f","n","f","t","f","f","f","b","t","f","f","won"
"f","t","f","f","f","f","f","f","f","g","t","f","f","n","f","f","f","f","f","b","t","f","f","won"
"f","f","t","t","f","t","t","t","t","g","t","f","t","n","t","t","f","f","f","n","f","f","f","won"
"f","t","f","t","f","t","t","t","t","g","t","f","t","n","t","f","f","f","f","b","t","f","f","won"
"f","t","t","t","f","t","t","f","t","g","t","f","t","n","t","f","f","f","f","n","t","f","f","won"
"f","t","t","f","f","t","f","f","t","g","t","f","t","n","f","f","f","f","f","n","f","f","f","won"
"f","t","f","t","f","t","f","f","t","g","t","f","t","n","f","t","f","f","f","n","f","f","f","won"
"t","t","f","t","f","t","t","t","t","g","t","f","t","n","f","t","f","f","f","b","f","f","f","won"
"t","t","t","f","f","f","f","f","t","g","t","f","t","n","f","f","f","f","f","b","t","f","f","won"
"t","t","t","f","f","f","f","f","t","g","t","f","t","n","f","f","f","f","f","b","t","f","t","won"
"t","t","t","f","f","t","t","f","t","g","t","f","t","n","f","f","f","f","f","b","t","f","f","won"
"t","t","t","f","f","f","t","t","t","g","t","f","t","n","f","f","f","f","f","b","t","f","f","won"
"t","t","t","t","f","t","f","t","t","g","t","f","t","n","f","t","f","f","f","b","t","f","f","won"
"t","t","t","t","f","t","t","t","t","g","t","f","t","n","f","t","f","f","f","b","t","f","f","won"
"t","t","f","f","f","f","f","f","t","g","t","f","t","n","f","f","f","f","f","b","t","f","t","won"
"t","t","f","f","f","f","f","t","t","g","t","f","t","n","f","f","f","f","f","b","t","f","f","won"
"t","t","f","t","f","t","f","t","t","g","t","f","t","n","f","t","f","f","f","b","t","f","f","won"
"t","t","f","t","f","t","t","t","t","g","t","f","t","n","f","t","f","f","f","b","t","f","f","won"
"t","t","f","t","f","t","t","t","t","g","t","f","f","n","f","t","f","f","f","n","t","f","f","won"
"t","t","f","t","f","t","t","t","t","g","t","f","t","n","f","t","f","f","f","n","t","f","f","won"
"t","t","t","f","f","f","f","t","f","g","t","f","t","n","f","f","f","f","f","b","t","f","f","won"
"t","t","f","t","f","t","t","t","t","g","t","f","t","n","t","t","f","f","f","b","f","f","f","won"
"t","t","f","t","f","t","t","f","t","g","t","f","f","n","t","t","f","f","f","n","f","f","f","won"
"t","t","f","t","f","f","t","f","t","g","t","f","t","n","t","f","f","f","f","n","f","f","t","won"
"t","t","f","t","f","t","t","f","t","g","t","f","t","n","t","t","f","f","f","n","f","f","t","won"
"t","f","t","t","f","f","t","t","t","g","t","f","t","n","t","f","f","f","f","n","f","f","t","won"
"t","t","t","t","f","f","t","f","t","g","t","f","t","n","t","f","f","f","f","b","t","f","t","won"
"t","t","t","t","f","t","t","t","t","g","t","f","t","n","t","f","f","f","f","b","t","f","f","won"
"t","t","f","t","f","t","t","t","t","g","t","f","t","n","t","f","f","f","f","b","t","f","f","won"
"t","t","f","t","f","f","t","t","t","g","t","f","t","n","t","f","f","f","f","b","t","f","f","won"
"t","t","f","t","f","t","t","t","t","g","t","f","f","n","t","f","f","f","f","n","t","f","f","won"
"t","t","f","t","f","f","t","t","t","g","t","f","f","n","t","f","f","f","f","n","t","f","f","won"
"t","t","f","t","f","t","t","t","t","g","t","f","t","n","t","f","f","f","f","n","t","f","f","won"
"t","t","f","t","f","f","t","t","t","g","t","f","t","n","t","f","f","f","f","n","t","f","f","won"
"t","t","t","t","f","f","t","f","f","g","t","f","t","n","t","f","f","f","f","n","f","f","t","won"
"t","f","t","t","f","f","t","t","f","g","t","f","t","n","t","f","f","f","f","n","f","f","f","won"
"t","t","t","t","f","f","t","t","f","g","t","f","t","n","t","f","f","f","f","b","t","f","f","won"
"t","t","f","f","f","t","f","f","t","g","t","f","t","n","f","f","f","f","f","b","f","f","f","won"
"t","t","f","t","f","t","f","f","t","g","t","f","t","n","f","t","f","f","f","n","f","f","f","won"
"f","f","t","t","f","t","t","t","t","g","f","f","t","n","t","t","f","f","f","n","f","f","f","won"
"f","f","f","t","f","t","t","t","t","g","f","f","t","n","t","t","f","f","f","n","f","f","f","won"
"f","f","t","f","f","t","f","f","t","g","f","f","t","n","f","f","f","f","f","n","f","f","f","won"
"f","f","f","f","f","t","f","f","t","g","f","f","t","n","f","f","f","f","f","n","f","f","f","won"
"f","f","f","t","f","t","f","f","t","g","f","f","t","n","f","t","f","f","f","n","f","f","f","won"
"t","f","t","f","f","f","t","t","t","g","f","f","t","n","f","f","f","f","f","n","f","f","f","won"
"t","f","f","t","f","t","f","t","t","g","f","f","t","n","f","t","f","f","f","n","f","f","t","won"
"t","f","t","f","f","f","f","t","f","g","f","f","t","n","f","f","f","f","f","n","f","f","t","won"
"t","f","t","t","f","f","t","t","t","g","f","f","t","n","t","f","f","f","f","n","f","f","t","won"
"t","f","f","t","f","t","t","t","t","g","f","f","t","n","t","t","f","f","f","n","f","f","f","won"
"t","f","t","t","f","f","t","t","f","g","f","f","t","n","t","f","f","f","f","n","f","f","f","won"
"f","t","t","f","f","t","f","f","t","l","t","f","f","n","f","f","f","t","t","w","f","f","f","won"
"f","t","f","f","f","t","f","f","t","l","t","f","f","n","f","f","f","t","t","w","f","f","f","won"
"f","t","f","f","f","t","f","f","t","l","t","f","f","n","f","f","f","t","t","w","f","f","f","won"
"f","t","t","t","f","t","f","f","t","l","t","f","t","n","f","t","f","t","t","w","f","f","f","won"
"f","t","t","t","f","t","f","t","t","l","t","f","t","n","f","t","f","t","t","n","f","f","f","won"
"f","t","f","f","f","t","t","t","t","l","t","f","t","n","f","f","f","t","t","w","f","f","f","won"
"f","t","f","t","f","t","f","f","t","l","t","f","t","n","f","t","f","t","t","w","f","f","f","won"
"f","t","f","t","f","t","f","t","t","l","t","f","t","n","f","t","f","t","t","n","f","f","f","won"
"f","t","t","f","f","t","f","f","t","l","t","f","f","n","f","f","f","f","f","b","t","f","f","won"
"f","t","t","t","f","t","f","t","t","l","t","f","f","n","f","t","f","f","f","b","t","f","f","won"
"f","t","t","f","f","t","f","f","t","l","t","f","t","n","f","f","f","f","f","b","t","f","f","won"
"f","t","t","f","f","t","f","f","t","l","t","f","f","n","f","f","f","t","f","w","t","f","f","won"
"f","t","t","f","f","t","f","f","t","l","t","f","f","n","f","f","f","t","f","n","t","f","f","won"
"f","t","t","f","f","t","f","f","t","l","t","f","f","n","f","f","f","t","t","n","t","f","f","won"
"f","t","t","f","f","t","f","f","t","l","t","f","f","n","f","f","f","t","t","n","t","f","f","won"
"f","t","t","f","f","t","f","f","t","l","t","f","f","n","f","f","f","f","f","w","t","f","f","won"
"f","t","t","f","f","t","f","f","t","l","t","f","f","n","f","f","f","f","t","n","t","f","f","won"
"f","t","t","f","f","t","f","f","t","l","t","f","f","n","f","f","f","t","f","n","t","f","f","won"
"f","t","t","f","f","t","f","f","t","l","t","f","f","n","f","f","f","t","f","w","t","f","f","won"
"f","t","t","f","f","t","f","f","t","l","t","f","f","n","f","f","f","t","t","n","t","f","f","won"
"f","t","f","f","f","t","f","f","t","l","t","f","f","n","f","f","f","t","f","w","t","f","f","won"
"f","t","f","f","f","t","f","f","t","l","t","f","f","n","f","f","f","t","t","n","t","f","f","won"
"f","t","f","f","f","t","f","f","t","l","t","f","f","n","f","f","f","t","t","n","t","f","f","won"
"f","t","f","f","f","t","f","f","t","l","t","f","f","n","f","f","f","t","t","n","t","f","f","won"
"f","t","t","f","f","t","f","f","t","l","t","f","t","n","f","f","f","f","f","w","t","f","f","won"
"f","t","t","f","f","t","f","f","t","l","t","f","t","n","f","f","f","t","f","n","t","f","f","won"
"f","t","t","f","f","t","f","f","t","l","t","f","t","n","f","f","f","t","f","w","t","f","f","won"
"f","t","t","f","f","f","f","f","f","l","t","f","f","n","f","f","f","t","f","w","f","f","f","won"
"f","t","t","f","f","f","f","f","f","l","t","f","f","n","f","f","f","t","t","w","f","f","f","won"
"f","t","t","f","f","t","f","f","f","l","t","f","f","n","f","f","f","t","t","w","f","f","f","won"
"f","t","t","f","f","f","f","f","f","l","t","f","f","n","f","f","f","t","f","w","f","f","f","won"
"f","t","t","f","f","f","f","f","f","l","t","f","f","n","f","f","f","t","t","w","f","f","f","won"
"f","t","t","f","f","f","f","f","f","l","t","f","f","n","f","f","f","t","t","w","f","f","f","won"
"f","t","t","f","f","f","t","t","f","l","t","f","f","n","f","f","f","f","f","w","f","f","f","won"
"f","t","f","f","t","t","f","f","f","l","t","f","f","n","f","f","f","t","f","n","f","f","f","won"
"f","t","f","f","t","f","f","f","f","l","t","f","f","n","f","f","f","t","f","n","f","f","f","won"
"f","t","f","f","f","f","f","f","f","l","t","f","f","n","f","f","f","t","t","w","f","f","f","won"
"f","t","f","f","f","t","f","f","f","l","t","f","f","n","f","f","f","t","t","w","f","f","f","won"
"f","t","f","f","f","f","f","f","f","l","t","f","f","n","f","f","f","t","t","w","f","f","f","won"
"f","t","f","f","f","f","t","t","f","l","t","f","f","n","f","f","f","f","t","w","f","f","f","won"
"f","t","f","f","f","f","t","f","f","l","t","f","f","n","f","f","f","t","t","w","f","f","f","won"
"f","f","f","f","f","t","f","f","f","l","t","f","f","n","f","f","f","t","f","n","f","f","f","won"
"f","f","f","f","f","f","f","f","f","l","t","f","f","n","f","f","f","t","f","n","f","f","f","won"
"f","t","t","f","f","t","f","f","f","l","t","f","t","n","f","f","f","t","t","w","f","f","f","won"
"f","t","t","f","f","f","f","f","f","l","t","f","t","n","f","f","f","t","f","n","f","f","f","won"
"f","t","t","f","f","f","f","f","f","l","t","f","t","n","f","f","f","t","f","w","f","f","f","won"
"f","t","t","f","f","f","f","f","f","l","t","f","t","n","f","f","f","t","t","w","f","f","f","won"
"f","t","t","t","f","t","f","f","f","l","t","f","t","n","f","t","f","t","t","w","f","f","f","won"
"f","t","t","t","f","f","f","f","f","l","t","f","t","n","f","t","f","t","t","n","f","f","f","won"
"f","t","t","t","f","f","t","f","f","l","t","f","t","n","f","t","f","f","t","n","f","f","f","won"
"f","t","f","f","f","f","f","f","f","l","t","f","t","n","f","f","f","t","t","w","f","f","f","won"
"f","t","f","f","f","f","t","t","f","l","t","f","t","n","f","f","f","t","t","w","f","f","f","won"
"f","t","f","t","f","t","f","f","f","l","t","f","t","n","f","t","f","t","t","w","f","f","f","won"
"f","t","f","t","f","f","f","f","f","l","t","f","t","n","f","t","f","t","t","n","f","f","f","won"
"f","t","f","t","f","f","f","t","f","l","t","f","t","n","f","t","f","t","t","n","f","f","f","won"
"f","t","f","t","f","f","f","t","f","l","t","f","t","n","f","t","f","t","t","n","f","f","t","won"
"f","t","t","f","f","f","f","f","f","l","t","f","f","n","f","f","f","f","f","b","t","f","f","won"
"f","t","t","f","f","f","f","t","f","l","t","f","f","n","f","f","f","f","f","b","t","f","t","won"
"f","t","t","f","f","f","f","f","f","l","t","f","f","n","f","f","f","f","f","b","t","f","f","won"
"f","t","t","t","f","f","f","t","f","l","t","f","f","n","f","t","f","f","f","b","t","f","f","won"
"f","t","t","t","f","f","f","t","f","l","t","f","f","n","f","t","f","f","f","b","t","f","f","won"
"f","t","f","f","f","f","f","f","f","l","t","f","f","n","f","f","f","f","f","b","t","f","f","won"
"f","f","f","f","f","f","f","f","f","l","t","f","f","n","f","f","f","f","f","b","t","f","f","won"
"f","t","t","f","t","f","f","f","f","l","t","f","f","n","f","f","f","t","f","n","f","f","f","won"
"f","t","f","f","t","f","f","f","f","l","t","f","f","n","f","f","f","t","f","n","f","f","f","won"
"f","t","f","t","f","t","t","f","t","l","t","f","f","n","t","f","f","f","t","w","f","f","f","won"
"f","t","f","t","f","t","t","t","t","l","t","f","f","n","t","f","f","f","f","w","f","f","f","won"
"f","t","f","t","f","t","t","f","t","l","t","f","f","n","t","t","f","f","f","w","f","f","f","won"
"f","t","f","t","f","t","t","f","t","l","t","f","f","n","t","t","f","f","t","w","f","f","f","won"
"f","t","t","t","f","t","t","f","t","l","t","f","t","n","t","t","f","f","f","w","f","f","f","won"
"f","t","t","t","f","t","t","f","t","l","t","f","t","n","t","t","f","f","t","n","f","f","f","won"
"f","t","f","t","f","t","t","t","t","l","t","f","t","n","t","f","f","f","f","b","t","f","f","won"
"f","t","t","t","f","t","t","f","t","l","t","f","t","n","t","f","f","f","f","w","t","f","f","won"
"f","t","t","t","f","t","t","f","t","l","t","f","t","n","t","f","f","f","t","n","t","f","f","won"
"f","t","t","t","f","f","t","t","f","l","t","f","f","n","t","f","f","f","f","w","f","f","f","won"
"f","t","f","t","f","t","t","f","f","l","t","f","f","n","t","f","f","f","f","w","f","f","f","won"
"f","t","f","t","f","f","t","f","f","l","t","f","f","n","t","f","f","f","f","w","f","f","f","won"
"f","t","f","t","f","f","t","f","f","l","t","f","f","n","t","f","f","f","t","w","f","f","f","won"
"f","t","t","t","f","f","t","t","f","l","t","f","t","n","t","f","f","f","f","w","f","f","f","won"
"f","t","f","t","f","f","t","f","f","l","t","f","t","n","t","f","f","f","t","w","f","f","f","won"
"f","t","t","f","f","t","f","f","t","l","t","f","t","n","f","f","f","t","f","n","f","f","f","won"
"f","t","f","f","f","t","f","f","t","l","t","f","t","n","f","f","f","t","f","n","f","f","f","won"
"f","t","f","t","f","t","f","f","t","l","t","f","t","n","f","t","f","t","f","n","f","f","f","won"
"f","t","f","f","f","t","f","f","t","l","t","f","t","n","f","f","f","f","f","b","t","f","f","won"
"f","t","f","f","f","f","f","f","f","l","t","f","t","n","f","f","f","t","f","n","f","f","f","won"
"t","t","t","f","f","t","f","f","t","l","t","f","f","n","f","f","f","t","t","w","f","f","f","won"
"t","t","t","t","f","t","f","f","t","l","t","f","f","n","f","t","f","t","t","n","f","f","f","won"
"t","t","t","t","f","t","t","f","t","l","t","f","f","n","f","t","f","f","f","w","f","f","f","won"
"t","t","f","f","f","t","f","f","t","l","t","f","f","n","f","f","f","t","t","w","f","f","f","won"
"t","t","f","f","f","f","f","f","t","l","t","f","f","n","f","f","f","t","t","w","f","f","f","won"
"t","t","f","f","f","f","f","f","t","l","t","f","f","n","f","f","f","t","t","w","f","f","f","won"
"t","t","f","f","f","t","f","f","t","l","t","f","f","n","f","f","f","t","t","w","f","f","f","won"
"t","t","f","f","f","f","t","t","t","l","t","f","f","n","f","f","f","f","t","w","f","f","f","won"
"t","t","f","f","f","f","t","f","t","l","t","f","f","n","f","f","f","t","t","w","f","f","f","won"
"t","t","f","t","f","t","f","f","t","l","t","f","f","n","f","t","f","t","t","n","f","f","f","won"
"t","t","f","t","f","t","t","f","t","l","t","f","f","n","f","t","f","f","t","w","f","f","f","won"
"t","t","f","t","f","t","t","f","t","l","t","f","f","n","f","t","f","t","t","n","f","f","f","won"
"t","t","t","t","f","t","f","f","t","l","t","f","t","n","f","t","f","t","t","w","f","f","f","won"
"t","t","t","t","f","t","t","t","t","l","t","f","t","n","f","t","f","t","t","n","f","f","f","won"
"t","t","f","f","f","t","f","f","t","l","t","f","t","n","f","f","f","t","t","w","f","f","t","won"
"t","t","f","f","f","f","f","f","t","l","t","f","t","n","f","f","f","t","t","w","f","f","t","won"
"t","t","f","f","f","f","t","t","t","l","t","f","t","n","f","f","f","t","t","w","f","f","f","won"
"t","t","f","t","f","t","f","f","t","l","t","f","t","n","f","t","f","t","t","w","f","f","f","won"
"t","t","f","t","f","f","f","f","t","l","t","f","t","n","f","t","f","t","t","w","f","f","f","won"
"t","t","f","t","f","t","f","f","t","l","t","f","t","n","f","t","f","t","t","n","f","f","t","won"
"t","t","f","t","f","t","t","f","t","l","t","f","t","n","f","t","f","t","t","n","f","f","f","won"
"t","t","f","t","f","f","t","f","t","l","t","f","t","n","f","t","f","t","t","w","f","f","f","won"
"t","t","f","t","f","t","t","t","t","l","t","f","t","n","f","t","f","t","t","n","f","f","f","won"
"t","t","t","f","f","f","f","f","t","l","t","f","t","n","f","f","f","f","f","b","t","f","f","won"
"t","t","t","f","f","f","f","f","t","l","t","f","t","n","f","f","f","f","f","b","t","f","t","won"
"t","t","t","f","f","f","t","f","t","l","t","f","t","n","f","f","f","f","t","b","t","f","f","won"
"t","t","t","t","f","t","f","t","t","l","t","f","t","n","f","t","f","f","f","b","t","f","f","won"
"t","t","t","t","f","t","t","t","t","l","t","f","t","n","f","t","f","f","f","b","t","f","f","won"
"t","t","f","f","f","f","f","f","t","l","t","f","t","n","f","f","f","f","f","b","t","f","t","won"
"t","t","f","t","f","t","f","t","t","l","t","f","t","n","f","t","f","f","f","b","t","f","f","won"
"t","t","f","t","f","t","t","t","t","l","t","f","t","n","f","t","f","f","f","b","t","f","f","won"
"t","t","t","f","f","t","f","f","t","l","t","f","f","n","f","f","f","t","f","w","t","f","f","won"
"t","t","t","f","f","t","f","f","t","l","t","f","f","n","f","f","f","t","t","n","t","f","f","won"
"t","t","t","f","f","t","t","f","t","l","t","f","f","n","f","f","f","f","f","w","t","f","f","won"
"t","t","f","f","f","t","f","f","t","l","t","f","f","n","f","f","f","t","f","w","t","f","f","won"
"t","t","f","t","f","t","f","t","t","l","t","f","f","n","f","t","f","t","f","n","t","f","f","won"
"t","t","f","t","f","t","t","t","t","l","t","f","f","n","f","t","f","f","f","n","t","f","f","won"
"t","t","f","t","f","t","t","t","t","l","t","f","f","n","f","t","f","f","f","w","t","f","f","won"
"t","t","t","f","f","f","f","f","t","l","t","f","t","n","f","f","f","f","f","n","t","f","t","won"
"t","t","f","f","f","f","f","f","t","l","t","f","t","n","f","f","f","f","f","n","t","f","t","won"
"t","t","f","t","f","t","t","t","t","l","t","f","t","n","f","t","f","f","f","w","t","f","f","won"
"t","t","t","f","t","f","f","f","f","l","t","f","f","n","f","f","f","t","f","n","f","f","f","won"
"t","t","t","f","f","f","f","f","f","l","t","f","f","n","f","f","f","t","f","w","f","f","f","won"
"t","t","t","f","f","f","f","f","f","l","t","f","f","n","f","f","f","t","f","n","f","f","f","won"
"t","t","t","f","f","f","f","f","f","l","t","f","f","n","f","f","f","t","f","w","f","f","f","won"
"t","t","t","f","f","f","f","f","f","l","t","f","f","n","f","f","f","t","t","n","f","f","f","won"
"t","t","t","f","f","f","f","f","f","l","t","f","f","n","f","f","f","t","t","w","f","f","f","won"
"t","t","t","f","f","f","f","f","f","l","t","f","f","n","f","f","f","t","t","w","f","f","f","won"
"t","t","t","f","f","f","f","f","f","l","t","f","f","n","f","f","f","t","t","w","f","f","f","won"
"t","t","t","f","f","f","f","f","f","l","t","f","f","n","f","f","f","t","t","w","f","f","f","won"
"t","t","t","f","f","f","t","t","f","l","t","f","f","n","f","f","f","f","f","w","f","f","f","won"
"t","t","t","f","f","f","t","t","f","l","t","f","f","n","f","f","f","f","t","w","f","f","f","won"
"t","t","t","f","f","f","t","f","f","l","t","f","f","n","f","f","f","t","t","n","f","f","f","won"
"t","t","t","f","f","f","t","f","f","l","t","f","f","n","f","f","f","t","t","w","f","f","f","won"
"t","t","f","f","t","t","f","f","f","l","t","f","f","n","f","f","f","t","f","n","f","f","f","won"
"t","t","f","f","f","f","f","f","f","l","t","f","f","n","f","f","f","t","f","w","f","f","f","won"
"t","t","f","f","f","f","f","f","f","l","t","f","f","n","f","f","f","t","t","n","f","f","f","won"
"t","t","f","f","f","t","f","f","f","l","t","f","f","n","f","f","f","t","t","w","f","f","f","won"
"t","t","f","f","f","f","t","t","f","l","t","f","f","n","f","f","f","f","t","n","f","f","f","won"
"t","t","f","f","f","f","t","t","f","l","t","f","f","n","f","f","f","f","t","w","f","f","f","won"
"t","t","f","f","f","f","t","f","f","l","t","f","f","n","f","f","f","t","t","w","f","f","f","won"
"t","t","t","f","f","f","f","f","f","l","t","f","t","n","f","f","f","t","f","n","f","f","f","won"
"t","t","t","f","f","f","f","f","f","l","t","f","t","n","f","f","f","t","f","w","f","f","f","won"
"t","t","t","f","f","f","f","f","f","l","t","f","t","n","f","f","f","t","f","n","f","f","t","won"
"t","t","t","f","f","f","f","f","f","l","t","f","t","n","f","f","f","t","t","w","f","f","f","won"
"t","t","t","f","f","f","f","f","f","l","t","f","t","n","f","f","f","t","t","w","f","f","t","won"
"t","t","t","f","f","f","f","f","f","l","t","f","t","n","f","f","f","t","t","w","f","f","f","won"
"t","t","t","f","f","f","f","f","f","l","t","f","t","n","f","f","f","t","t","w","f","f","t","won"
"t","t","t","f","f","f","t","t","f","l","t","f","t","n","f","f","f","t","t","w","f","f","f","won"
"t","t","t","t","f","f","f","f","f","l","t","f","t","n","f","t","f","t","f","n","f","f","f","won"
"t","t","t","t","f","f","f","f","f","l","t","f","t","n","f","t","f","t","t","w","f","f","f","won"
"t","t","t","t","f","f","f","f","f","l","t","f","t","n","f","t","f","t","t","w","f","f","f","won"
"t","t","t","t","f","f","t","f","f","l","t","f","t","n","f","t","f","t","t","w","f","f","f","won"
"t","t","t","t","f","f","t","t","f","l","t","f","t","n","f","t","f","t","f","n","f","f","f","won"
"t","t","f","f","f","t","f","f","f","l","t","f","t","n","f","f","f","t","t","w","f","f","f","won"
"t","t","f","f","f","t","f","f","f","l","t","f","t","n","f","f","f","t","t","w","f","f","t","won"
"t","t","f","t","f","t","f","f","f","l","t","f","t","n","f","t","f","t","t","w","f","f","f","won"
"t","t","f","t","f","f","f","f","f","l","t","f","t","n","f","t","f","t","t","n","f","f","f","won"
"t","t","f","t","f","f","t","f","f","l","t","f","t","n","f","t","f","f","t","n","f","f","f","won"
"t","t","f","t","f","f","t","f","f","l","t","f","t","n","f","t","f","t","t","n","f","f","f","won"
"t","t","t","f","f","f","f","t","f","l","t","f","t","n","f","f","f","f","f","b","t","f","f","won"
"t","t","f","f","f","f","f","t","f","l","t","f","f","n","f","f","f","t","f","n","t","f","f","won"
"t","t","f","t","f","f","t","f","t","l","t","f","f","n","t","f","f","f","f","w","f","f","f","won"
"t","t","f","t","f","f","t","f","t","l","t","f","f","n","t","f","f","f","t","w","f","f","f","won"
"t","t","f","t","f","t","t","f","t","l","t","f","f","n","t","t","f","f","f","w","f","f","f","won"
"t","t","f","t","f","t","t","f","t","l","t","f","f","n","t","t","f","f","t","n","f","f","f","won"
"t","t","f","t","f","t","t","f","t","l","t","f","f","n","t","t","f","f","t","w","f","f","f","won"
"t","t","f","t","f","t","t","f","t","l","t","f","f","n","t","t","f","t","t","w","f","f","f","won"
"t","t","f","t","f","f","t","f","t","l","t","f","t","n","t","f","f","f","t","w","f","f","f","won"
"t","t","f","t","f","f","t","f","t","l","t","f","t","n","t","f","f","t","t","w","f","f","t","won"
"t","t","f","t","f","t","t","f","t","l","t","f","t","n","t","t","f","f","f","w","f","f","t","won"
"t","t","f","t","f","t","t","f","t","l","t","f","t","n","t","t","f","f","t","w","f","f","f","won"
"t","t","f","t","f","t","t","f","t","l","t","f","t","n","t","t","f","f","t","n","f","f","t","won"
"t","f","t","t","f","f","t","t","t","l","t","f","t","n","t","f","f","f","f","n","f","f","t","won"
"t","t","t","t","f","f","t","f","t","l","t","f","t","n","t","f","f","f","t","b","t","f","t","won"
"t","t","t","t","f","t","t","t","t","l","t","f","t","n","t","f","f","f","f","b","t","f","f","won"
"t","t","f","t","f","t","t","t","t","l","t","f","t","n","t","f","f","f","f","b","t","f","f","won"
"t","t","f","t","f","f","t","t","t","l","t","f","t","n","t","f","f","f","f","b","t","f","f","won"
"t","t","f","t","f","t","t","t","t","l","t","f","f","n","t","f","f","f","f","n","t","f","f","won"
"t","t","f","t","f","t","t","t","t","l","t","f","f","n","t","f","f","f","f","w","t","f","f","won"
"t","t","t","t","f","f","t","f","t","l","t","f","t","n","t","f","f","f","t","n","t","f","t","won"
"t","t","f","t","f","t","t","t","t","l","t","f","t","n","t","f","f","f","f","w","t","f","f","won"
"t","t","f","t","f","f","t","t","t","l","t","f","t","n","t","f","f","f","f","n","t","f","f","won"
"t","t","t","t","f","t","t","f","f","l","t","f","f","n","t","f","f","f","f","w","f","f","f","won"
"t","t","t","t","f","f","t","f","f","l","t","f","f","n","t","f","f","f","f","n","f","f","f","won"
"t","t","t","t","f","f","t","f","f","l","t","f","f","n","t","f","f","f","f","w","f","f","f","won"
"t","t","t","t","f","f","t","f","f","l","t","f","f","n","t","f","f","f","t","w","f","f","f","won"
"t","t","t","t","f","f","t","f","f","l","t","f","t","n","t","f","f","f","f","w","f","f","f","won"
"t","t","t","t","f","f","t","f","f","l","t","f","t","n","t","f","f","f","f","n","f","f","t","won"
"t","t","t","t","f","f","t","f","f","l","t","f","t","n","t","f","f","f","t","w","f","f","f","won"
"t","t","t","t","f","f","t","f","f","l","t","f","t","n","t","f","f","t","t","w","f","f","t","won"
"t","f","t","t","f","f","t","t","f","l","t","f","t","n","t","f","f","f","f","n","f","f","t","won"
"t","t","t","t","f","f","t","t","f","l","t","f","t","n","t","f","f","f","f","b","t","f","f","won"
"t","t","f","t","f","f","t","t","f","l","t","f","f","n","t","f","f","f","f","n","t","f","f","won"
"t","t","f","t","f","f","t","t","f","l","t","f","f","n","t","f","f","f","f","w","t","f","f","won"
"t","t","f","t","f","f","t","t","f","l","t","f","t","n","t","f","f","f","f","n","t","f","f","won"
"t","t","f","t","f","f","t","t","f","l","t","f","t","n","t","f","f","f","f","w","t","f","f","won"
"t","t","t","f","f","t","f","f","t","l","t","f","t","n","f","f","f","f","f","b","t","f","f","won"
"t","t","t","f","f","t","f","f","t","l","t","f","t","n","f","f","f","f","f","b","t","f","f","won"
"t","t","f","f","f","t","f","f","t","l","t","f","t","n","f","f","f","t","f","n","t","f","f","won"
"f","f","t","t","f","t","t","t","t","l","f","f","t","n","t","t","f","f","f","n","f","f","f","won"
"f","f","t","t","f","f","t","t","f","l","f","f","t","n","t","f","f","f","f","n","f","f","f","won"
"t","f","t","f","f","f","f","f","t","l","f","f","t","n","f","f","f","f","f","n","f","f","f","won"
"t","f","t","f","f","f","f","f","t","l","f","f","t","n","f","f","f","f","f","n","f","f","t","won"
"t","f","f","t","f","t","f","t","f","l","f","f","t","n","f","t","f","f","f","n","f","f","t","won"
"t","f","t","t","f","f","t","f","t","l","f","f","t","n","t","f","f","f","f","n","f","f","t","won"
"t","f","t","t","f","f","t","t","f","l","f","f","t","n","t","f","f","f","f","n","f","f","f","won"
"f","t","t","f","f","t","f","f","t","g","t","f","t","n","f","f","f","f","f","n","f","t","f","won"
"f","t","f","f","f","t","f","f","t","g","t","f","t","n","f","f","f","f","f","n","f","t","f","won"
"f","t","f","t","f","t","f","f","t","g","t","f","t","n","f","t","f","f","f","n","f","t","f","won"
"t","t","t","f","f","t","t","f","t","g","t","f","f","n","f","f","f","f","f","n","f","t","f","won"
"t","t","f","f","f","t","t","f","t","g","t","f","f","n","f","f","f","f","f","n","f","t","f","won"
"t","t","f","t","f","t","t","f","t","g","t","f","f","n","f","t","f","f","f","n","f","t","f","won"
"f","f","t","t","f","t","f","f","t","g","f","f","t","n","f","t","f","f","f","n","f","t","f","won"
"f","t","f","t","f","t","f","f","t","l","t","f","f","n","f","t","f","f","f","w","f","t","f","won"
"f","t","t","f","f","t","f","f","t","l","t","f","f","n","f","f","f","t","f","n","t","t","f","won"
"f","t","t","f","f","t","f","f","t","l","t","f","f","n","f","f","f","t","t","n","t","t","f","won"
"f","t","t","f","t","f","f","f","f","l","t","f","f","n","f","f","f","t","f","n","f","t","f","won"
"f","t","t","f","f","t","f","f","f","l","t","f","f","n","f","f","f","f","f","w","f","t","f","won"
"f","t","t","f","f","t","f","f","t","l","t","f","t","n","f","f","f","f","f","w","f","t","f","won"
"f","t","f","t","f","t","t","f","t","l","t","f","f","n","t","f","f","f","f","w","f","t","f","won"
"f","t","f","t","f","t","t","f","t","l","t","f","f","n","t","t","f","f","f","w","f","t","f","won"
"f","t","t","t","f","t","t","f","t","l","t","f","f","n","t","f","f","t","t","n","t","t","f","won"
"f","t","f","t","f","t","t","f","f","l","t","f","f","n","t","f","f","f","f","w","f","t","f","won"
"f","t","t","f","f","f","f","f","f","l","t","f","f","n","f","f","f","t","f","n","f","t","f","won"
"f","t","f","f","f","f","f","f","f","l","t","f","f","n","f","f","f","t","f","n","f","t","f","won"
"f","t","t","f","f","t","f","f","t","l","t","f","t","n","f","f","f","t","f","n","f","t","f","won"
"f","t","t","f","f","t","f","f","t","l","t","f","t","n","f","f","f","t","t","n","f","t","f","won"
"f","t","t","t","f","t","f","f","t","l","t","f","t","n","f","t","f","t","t","n","f","t","f","won"
"f","t","f","f","f","t","f","f","t","l","t","f","t","n","f","f","f","t","f","n","f","t","f","won"
"f","t","f","f","f","t","f","f","t","l","t","f","t","n","f","f","f","t","t","n","f","t","f","won"
"f","t","f","t","f","t","f","f","t","l","t","f","t","n","f","t","f","t","f","n","f","t","f","won"
"f","t","f","t","f","t","f","f","t","l","t","f","t","n","f","t","f","t","t","n","f","t","f","won"
"f","t","f","f","f","f","f","f","f","l","t","f","t","n","f","f","f","t","f","n","f","t","f","won"
"f","t","f","t","f","f","f","f","f","l","t","f","t","n","f","t","f","t","t","n","f","t","f","won"
"t","t","f","t","f","t","t","f","t","l","t","f","f","n","f","t","f","f","f","w","f","t","f","won"
"t","t","t","f","f","t","t","f","t","l","t","f","f","n","f","f","f","f","t","n","t","t","f","won"
"t","t","t","f","f","t","t","f","t","l","t","f","f","n","f","f","f","t","t","n","t","t","f","won"
"t","t","t","f","f","t","t","f","f","l","t","f","f","n","f","f","f","f","f","w","f","t","f","won"
"t","t","f","f","f","t","t","f","f","l","t","f","f","n","f","f","f","f","f","w","f","t","f","won"
"t","t","f","t","f","t","t","f","f","l","t","f","t","n","f","t","f","f","f","w","f","t","f","won"
"t","t","t","f","f","t","t","f","t","l","t","f","t","n","f","f","f","f","f","w","f","t","f","won"
"t","t","t","t","f","t","t","f","t","l","t","f","t","n","f","t","f","f","f","w","f","t","f","won"
"t","t","f","f","f","t","t","f","t","l","t","f","t","n","f","f","f","f","f","w","f","t","f","won"
"t","t","f","t","f","t","t","f","t","l","t","f","t","n","f","t","f","f","f","w","f","t","f","won"
"t","t","f","f","f","t","t","f","t","l","t","f","f","n","f","f","f","f","t","n","f","t","f","won"
"t","t","f","t","f","t","t","f","t","l","t","f","f","n","f","t","f","f","t","n","f","t","f","won"
"t","t","t","f","f","f","t","f","f","l","t","f","f","n","f","f","f","f","t","n","f","t","f","won"
"t","t","f","f","f","f","t","f","f","l","t","f","f","n","f","f","f","f","t","n","f","t","f","won"
"t","f","t","f","f","f","f","f","t","g","t","f","t","t","f","f","f","f","f","n","f","f","f","won"
"t","f","t","f","f","f","t","t","t","g","t","f","t","t","f","f","f","f","f","n","f","f","f","won"
"t","f","f","f","f","f","f","f","t","g","t","f","t","t","f","f","f","f","f","n","f","f","t","won"
"t","f","t","f","f","f","f","f","f","g","t","f","t","t","f","f","f","f","f","n","f","f","f","won"
"t","f","t","t","f","t","t","t","t","g","t","f","t","t","t","f","f","f","f","n","f","f","f","won"
"t","f","t","t","f","f","t","t","t","g","t","f","t","t","t","f","f","f","f","n","f","f","t","won"
"f","f","t","f","f","t","f","t","t","g","f","f","t","t","f","f","f","f","f","n","f","f","f","won"
"f","f","t","t","f","t","f","t","t","g","f","f","t","t","f","t","f","f","f","n","f","f","f","won"
"f","f","t","t","f","t","f","t","t","g","f","f","t","t","f","t","f","f","f","n","f","f","f","won"
"f","f","t","t","f","t","t","f","t","g","f","f","t","t","f","t","f","f","f","n","f","f","f","won"
"f","f","t","t","f","t","t","t","t","g","f","f","t","t","t","f","f","f","f","n","f","f","f","won"
"f","f","t","t","f","t","t","t","t","g","f","f","t","t","t","t","f","f","f","n","f","f","f","won"
"f","f","t","t","f","t","t","t","t","g","f","f","t","t","t","t","f","f","f","n","f","f","f","won"
"f","f","f","t","f","t","t","t","t","g","f","f","t","t","t","f","f","f","f","n","f","f","f","won"
"f","f","f","t","f","t","t","t","t","g","f","f","t","t","t","t","f","f","f","n","f","f","f","won"
"f","f","f","f","f","t","f","f","t","g","f","f","t","t","f","f","f","f","f","n","f","f","f","won"
"f","f","f","t","f","t","f","f","t","g","f","f","t","t","f","t","f","f","f","n","f","f","f","won"
"t","f","t","f","f","f","f","f","t","g","f","f","t","t","f","f","f","f","f","n","f","f","f","won"
"t","f","t","f","f","f","f","f","t","g","f","f","t","t","f","f","f","f","f","n","f","f","t","won"
"t","f","t","f","f","f","t","t","t","g","f","f","t","t","f","f","f","f","f","n","f","f","f","won"
"t","f","t","t","f","t","t","t","t","g","f","f","t","t","f","t","f","f","f","n","f","f","f","won"
"t","f","f","f","f","f","f","t","t","g","f","f","t","t","f","f","f","f","f","n","f","f","t","won"
"t","f","f","t","f","t","t","t","t","g","f","f","t","t","f","t","f","f","f","n","f","f","f","won"
"t","f","t","f","f","f","f","t","f","g","f","f","t","t","f","f","f","f","f","n","f","f","t","won"
"t","f","t","t","f","t","t","t","t","g","f","f","t","t","t","f","f","f","f","n","f","f","f","won"
"t","f","t","t","f","f","t","t","t","g","f","f","t","t","t","f","f","f","f","n","f","f","t","won"
"t","f","f","t","f","t","t","t","t","g","f","f","t","t","t","f","f","f","f","n","f","f","f","won"
"t","f","f","t","f","f","t","t","t","g","f","f","t","t","t","f","f","f","f","n","f","f","t","won"
"t","f","f","t","f","t","t","t","t","g","f","f","t","t","t","t","f","f","f","n","f","f","f","won"
"t","f","t","t","f","f","t","t","f","g","f","f","t","t","t","f","f","f","f","n","f","f","t","won"
"t","f","t","f","f","f","t","t","f","l","t","f","t","t","f","f","f","f","f","n","f","f","f","won"
"t","f","t","t","f","f","t","t","f","l","t","f","t","t","t","f","f","f","f","n","f","f","f","won"
"t","f","t","t","f","f","t","t","f","l","t","f","t","t","t","f","f","f","f","n","f","f","t","won"
"f","f","t","f","f","f","f","f","f","l","f","f","t","t","f","f","f","f","f","n","f","f","f","won"
"f","f","f","f","t","f","f","f","f","l","f","f","t","t","f","f","f","f","f","n","f","f","f","won"
"f","f","f","t","f","f","t","t","f","l","f","f","t","t","t","f","f","f","f","n","f","f","f","won"
"f","f","f","f","f","t","f","f","t","l","f","f","t","t","f","f","f","f","f","n","f","f","f","won"
"t","f","t","f","f","f","f","f","t","l","f","f","t","t","f","f","f","f","f","n","f","f","f","won"
"t","f","t","f","f","f","f","f","t","l","f","f","t","t","f","f","f","f","f","n","f","f","t","won"
"t","f","t","f","f","f","t","f","t","l","f","f","t","t","f","f","f","f","f","n","f","f","f","won"
"t","f","t","f","f","f","t","t","t","l","f","f","t","t","f","f","f","f","f","n","f","f","f","won"
"t","f","f","f","f","f","f","f","t","l","f","f","t","t","f","f","f","f","f","n","f","f","t","won"
"t","f","f","t","f","f","t","t","t","l","f","f","t","t","f","t","f","f","f","n","f","f","f","won"
"t","f","t","f","f","f","f","f","f","l","f","f","t","t","f","f","f","f","f","n","f","f","f","won"
"t","f","t","f","f","f","f","f","f","l","f","f","t","t","f","f","f","f","f","n","f","f","t","won"
"t","f","t","f","f","f","f","t","f","l","f","f","t","t","f","f","f","f","f","n","f","f","t","won"
"t","f","t","f","f","f","t","t","f","l","f","f","t","t","f","f","f","f","f","n","f","f","f","won"
"t","f","t","t","f","f","f","f","f","l","f","f","t","t","f","t","f","f","f","n","f","f","f","won"
"t","f","t","t","f","f","t","f","f","l","f","f","t","t","f","t","f","f","f","n","f","f","f","won"
"t","f","t","t","f","f","t","t","f","l","f","f","t","t","f","t","f","f","f","n","f","f","f","won"
"t","f","t","t","f","f","t","f","t","l","f","f","t","t","t","f","f","f","f","n","f","f","t","won"
"t","f","t","t","f","t","t","t","t","l","f","f","t","t","t","f","f","f","f","n","f","f","f","won"
"t","f","t","t","f","f","t","t","t","l","f","f","t","t","t","f","f","f","f","n","f","f","t","won"
"t","f","f","t","f","f","t","t","t","l","f","f","t","t","t","f","f","f","f","n","f","f","f","won"
"t","f","f","t","f","f","t","t","t","l","f","f","t","t","t","f","f","f","f","n","f","f","t","won"
"t","f","t","t","f","f","t","t","f","l","f","f","t","t","t","f","f","f","f","n","f","f","f","won"
"t","f","t","t","f","f","t","t","f","l","f","f","t","t","t","f","f","f","f","n","f","f","t","won"
"f","f","t","t","f","t","f","f","t","g","f","f","t","t","f","t","f","f","f","n","f","t","f","won"
"f","f","f","t","f","t","f","f","t","g","f","f","t","t","f","t","f","f","f","n","f","t","f","won"
"f","f","t","f","f","t","f","f","f","l","t","f","t","t","f","f","f","f","f","n","f","t","f","won"
"f","f","t","f","f","f","f","f","f","l","t","f","t","t","f","f","f","f","f","n","f","t","f","won"
"f","f","t","f","f","t","f","t","t","l","f","f","t","t","f","f","f","f","f","n","f","t","f","won"
"f","f","t","t","f","t","f","f","t","l","f","f","t","t","f","t","f","f","f","n","f","t","f","won"
"f","f","f","t","f","t","f","f","f","l","f","f","t","t","f","t","f","f","f","n","f","t","f","won"
"t","f","t","t","f","t","f","f","t","l","f","f","t","t","f","t","f","f","f","n","f","t","f","won"
"t","f","f","t","f","t","f","f","t","l","f","f","t","t","f","t","f","f","f","n","f","t","f","won"
"f","t","f","f","f","t","f","t","t","g","t","t","t","n","f","f","t","f","f","n","f","f","t","won"
"f","t","f","f","t","t","f","f","t","g","t","t","t","n","f","f","t","f","f","n","f","f","f","won"
"f","t","t","t","t","t","t","f","t","g","t","t","t","n","t","f","t","f","f","n","f","f","f","won"
"f","t","t","t","f","t","t","t","t","g","t","t","t","n","t","f","t","f","f","n","f","f","f","won"
"f","f","t","t","f","t","t","t","t","g","t","t","t","n","t","f","t","f","f","n","f","f","f","won"
"f","t","f","f","t","t","f","f","t","g","t","t","t","n","f","f","t","f","f","n","f","f","f","won"
"f","t","f","f","f","t","f","f","t","g","t","t","t","n","f","f","t","f","f","n","f","f","f","won"
"f","f","f","f","f","t","f","f","t","g","t","t","t","n","f","f","t","f","f","n","f","f","f","won"
"t","t","f","f","t","t","f","f","t","g","t","t","t","n","f","f","t","f","f","n","f","f","t","won"
"t","f","f","f","f","t","f","t","t","g","t","t","t","n","f","f","t","f","f","n","f","f","t","won"
"t","t","f","t","t","t","t","f","t","g","t","t","t","n","t","f","t","f","f","n","f","f","t","won"
"t","t","f","t","f","t","t","t","t","g","t","t","t","n","t","f","t","f","f","n","f","f","f","won"
"t","f","f","t","f","t","t","t","t","g","t","t","t","n","t","f","t","f","f","n","f","f","f","won"
"t","f","f","f","f","t","f","f","t","g","t","t","t","n","f","f","t","f","f","n","f","f","f","won"
"f","f","t","t","f","t","t","t","t","g","f","t","t","n","t","f","t","f","f","n","f","f","f","won"
"t","f","f","f","f","t","f","t","t","g","f","t","t","n","f","f","t","f","f","n","f","f","t","won"
"t","f","f","t","f","t","t","t","t","g","f","t","t","n","t","f","t","f","f","n","f","f","f","won"
"f","t","t","f","t","t","f","f","t","l","t","t","f","n","f","f","t","f","f","w","f","f","f","won"
"f","t","t","f","t","t","f","f","t","l","t","t","f","n","f","f","t","t","f","w","f","f","f","won"
"f","t","t","f","t","t","f","f","t","l","t","t","f","n","f","f","t","t","t","w","f","f","f","won"
"f","t","t","f","t","f","f","f","t","l","t","t","f","n","f","f","t","t","t","w","f","f","f","won"
"f","t","f","f","t","t","f","f","t","l","t","t","f","n","f","f","t","t","f","w","f","f","f","won"
"f","t","f","f","t","t","f","f","t","l","t","t","f","n","f","f","t","t","t","w","f","f","f","won"
"f","t","f","f","t","f","f","f","t","l","t","t","f","n","f","f","t","t","t","w","f","f","f","won"
"f","f","f","f","t","t","t","f","t","l","t","t","f","n","f","f","t","f","t","n","f","f","f","won"
"f","t","t","f","t","t","f","f","t","l","t","t","t","n","f","f","t","t","f","w","f","f","f","won"
"f","t","t","f","t","t","f","f","t","l","t","t","t","n","f","f","t","t","t","n","f","f","f","won"
"f","t","t","f","t","t","f","f","t","l","t","t","t","n","f","f","t","t","t","w","f","f","f","won"
"f","t","f","f","t","t","f","f","t","l","t","t","t","n","f","f","t","t","f","w","f","f","f","won"
"f","t","f","f","t","t","f","f","t","l","t","t","t","n","f","f","t","t","t","n","f","f","f","won"
"f","t","f","f","t","t","f","f","t","l","t","t","t","n","f","f","t","t","t","w","f","f","f","won"
"f","t","f","f","t","t","t","t","t","l","t","t","t","n","f","f","t","t","t","w","f","f","f","won"
"f","t","t","f","t","t","f","f","f","l","t","t","f","n","f","f","t","t","t","w","f","f","f","won"
"f","t","f","f","t","t","f","f","f","l","t","t","f","n","f","f","t","t","t","w","f","f","f","won"
"f","t","f","f","t","t","f","f","f","l","t","t","f","n","f","f","t","t","t","w","f","f","f","won"
"f","f","t","f","t","f","f","f","f","l","t","t","f","n","f","f","t","f","t","w","f","f","f","won"
"f","f","f","f","t","f","f","f","f","l","t","t","f","n","f","f","t","f","t","w","f","f","f","won"
"f","f","f","f","t","f","f","f","f","l","t","t","f","n","f","f","t","f","t","w","f","f","t","won"
"f","f","f","f","t","f","t","f","f","l","t","t","f","n","f","f","t","f","t","w","f","f","f","won"
"f","t","t","f","t","f","f","f","f","l","t","t","t","n","f","f","t","t","t","w","f","f","f","won"
"f","t","t","f","t","f","f","f","f","l","t","t","t","n","f","f","t","t","t","w","f","f","f","won"
"f","t","f","f","t","f","f","f","f","l","t","t","t","n","f","f","t","f","f","w","f","f","f","won"
"f","t","f","f","t","f","f","f","f","l","t","t","t","n","f","f","t","t","t","w","f","f","f","won"
"f","t","f","f","t","f","f","f","f","l","t","t","t","n","f","f","t","t","t","w","f","f","f","won"
"f","t","f","f","f","t","f","t","f","l","t","t","t","n","f","f","t","f","t","n","f","f","t","won"
"f","t","t","t","t","t","t","f","t","l","t","t","t","n","t","f","t","f","f","n","f","f","f","won"
"f","f","t","t","f","t","t","t","t","l","t","t","t","n","t","f","t","f","f","n","f","f","f","won"
"f","f","t","t","t","f","t","f","f","l","t","t","f","n","t","f","t","f","f","w","f","f","f","won"
"f","t","t","t","t","f","t","f","f","l","t","t","t","n","t","f","t","f","f","w","f","f","f","won"
"f","t","t","t","t","f","t","f","f","l","t","t","t","n","t","f","t","t","t","n","t","f","f","won"
"t","t","t","f","t","t","f","f","t","l","t","t","f","n","f","f","t","t","f","w","f","f","f","won"
"t","t","t","f","t","t","f","f","t","l","t","t","f","n","f","f","t","t","t","w","f","f","f","won"
"t","t","t","f","t","f","f","f","t","l","t","t","f","n","f","f","t","t","t","w","f","f","f","won"
"t","t","t","f","t","t","t","f","t","l","t","t","f","n","f","f","t","f","f","w","f","f","f","won"
"t","t","f","f","t","t","f","f","t","l","t","t","f","n","f","f","t","t","f","w","f","f","f","won"
"t","t","f","f","t","t","f","f","t","l","t","t","f","n","f","f","t","t","t","w","f","f","f","won"
"t","t","f","f","t","f","f","f","t","l","t","t","f","n","f","f","t","t","t","w","f","f","f","won"
"t","t","t","f","t","t","f","f","t","l","t","t","t","n","f","f","t","t","f","w","f","f","f","won"
"t","t","t","f","t","t","t","f","t","l","t","t","t","n","f","f","t","f","f","w","f","f","f","won"
"t","t","t","f","t","t","t","t","t","l","t","t","t","n","f","f","t","f","f","w","f","f","f","won"
"t","t","f","f","t","t","f","f","t","l","t","t","t","n","f","f","t","t","f","w","f","f","f","won"
"t","t","f","f","t","t","f","f","t","l","t","t","t","n","f","f","t","t","t","n","f","f","f","won"
"t","t","f","f","t","t","f","f","t","l","t","t","t","n","f","f","t","t","t","w","f","f","f","won"
"t","t","f","f","t","t","f","f","t","l","t","t","t","n","f","f","t","t","t","n","f","f","t","won"
"t","t","f","f","t","t","t","t","t","l","t","t","t","n","f","f","t","t","t","w","f","f","f","won"
"t","t","f","f","t","t","f","f","f","l","t","t","f","n","f","f","t","t","t","w","f","f","f","won"
"t","t","t","f","t","f","f","f","f","l","t","t","t","n","f","f","t","t","t","w","f","f","t","won"
"t","t","f","f","t","f","f","f","f","l","t","t","t","n","f","f","t","t","t","w","f","f","f","won"
"t","t","f","f","t","f","f","f","f","l","t","t","t","n","f","f","t","t","t","w","f","f","f","won"
"t","t","f","f","t","f","f","f","f","l","t","t","t","n","f","f","t","t","t","w","f","f","t","won"
"t","f","f","f","f","t","f","t","f","l","t","t","t","n","f","f","t","f","f","n","f","f","t","won"
"t","t","f","t","t","t","t","f","t","l","t","t","t","n","t","f","t","f","t","n","f","f","t","won"
"t","t","t","t","t","t","t","f","f","l","t","t","t","n","t","f","t","f","f","w","f","f","t","won"
"t","t","f","t","t","f","t","f","f","l","t","t","t","n","t","f","t","t","t","w","f","f","t","won"
"f","t","f","f","t","t","f","f","t","g","t","t","t","n","f","f","t","f","f","n","f","t","f","won"
"f","t","f","f","f","t","f","f","t","g","t","t","t","n","f","f","t","f","f","n","f","t","f","won"
"f","f","f","f","f","t","f","f","t","g","f","t","t","n","f","f","t","f","f","n","f","t","f","won"
"t","f","f","f","f","t","f","f","t","g","f","t","t","n","f","f","t","f","f","n","f","t","f","won"
"f","t","f","f","t","t","f","f","t","l","t","t","f","n","f","f","t","f","f","w","f","t","f","won"
"f","f","t","f","t","t","t","f","t","l","t","t","f","n","f","f","t","f","t","n","f","t","f","won"
"f","t","f","f","t","t","f","f","t","l","t","t","t","n","f","f","t","f","f","w","f","t","f","won"
"f","f","f","t","t","f","t","f","f","l","t","t","f","n","t","f","t","f","f","w","f","t","t","won"
"f","t","f","f","t","t","f","f","t","l","t","t","t","n","f","f","t","f","f","n","f","t","f","won"
"t","t","f","f","t","f","t","f","f","l","t","t","t","n","f","f","t","f","f","w","f","t","f","won"
"t","t","f","f","f","t","t","f","t","l","t","t","t","n","f","f","t","f","t","n","f","t","f","won"
"f","f","f","f","f","t","f","f","f","l","f","t","t","n","f","f","t","f","f","n","f","t","f","won"
"f","f","t","f","f","t","f","t","t","g","f","t","t","t","f","f","t","f","f","n","f","f","f","won"
"f","f","t","f","f","t","f","t","t","g","f","t","t","t","f","f","t","f","f","n","f","f","f","won"
"f","f","f","f","t","t","f","f","t","g","f","t","t","t","f","f","t","f","f","n","f","f","f","won"
"f","f","f","f","t","t","f","t","t","g","f","t","t","t","f","f","t","f","f","n","f","f","f","won"
"f","f","f","f","f","t","f","t","t","g","f","t","t","t","f","f","t","f","f","n","f","f","f","won"
"f","f","f","f","f","t","f","f","t","g","f","t","t","t","f","f","t","f","f","n","f","f","f","won"
"f","f","t","t","f","t","t","t","t","g","f","t","t","t","t","f","t","f","f","n","f","f","f","won"
"f","f","t","t","f","t","t","t","t","g","f","t","t","t","t","f","t","f","f","n","f","f","f","won"
"t","f","t","f","t","t","f","f","t","g","f","t","t","t","f","f","t","f","f","n","f","f","f","won"
"t","f","t","f","f","t","f","f","t","g","f","t","t","t","f","f","t","f","f","n","f","f","f","won"
"t","f","f","f","t","t","f","f","t","g","f","t","t","t","f","f","t","f","f","n","f","f","f","won"
"t","f","f","f","t","t","f","t","t","g","f","t","t","t","f","f","t","f","f","n","f","f","f","won"
"t","f","f","f","t","t","f","t","t","g","f","t","t","t","f","f","t","f","f","n","f","f","f","won"
"t","f","f","f","t","t","f","t","t","g","f","t","t","t","f","f","t","f","f","n","f","f","t","won"
"t","f","f","f","t","t","t","t","t","g","f","t","t","t","f","f","t","f","f","n","f","f","f","won"
"t","f","f","f","f","t","f","t","t","g","f","t","t","t","f","f","t","f","f","n","f","f","t","won"
"t","f","f","f","f","t","t","t","t","g","f","t","t","t","f","f","t","f","f","n","f","f","f","won"
"t","f","f","t","t","t","t","t","t","g","f","t","t","t","t","f","t","f","f","n","f","f","f","won"
"t","f","f","t","t","t","t","t","t","g","f","t","t","t","t","f","t","f","f","n","f","f","f","won"
"t","f","f","t","f","t","t","t","t","g","f","t","t","t","t","f","t","f","f","n","f","f","t","won"
"f","f","t","f","t","f","f","f","f","l","f","t","t","t","f","f","t","f","f","n","f","f","f","won"
"f","f","t","f","f","f","f","t","f","l","f","t","t","t","f","f","t","f","f","n","f","f","f","won"
"f","f","f","f","t","f","f","f","f","l","f","t","t","t","f","f","t","f","f","n","f","f","f","won"
"f","f","f","f","t","t","f","f","f","l","f","t","t","t","f","f","t","f","f","n","f","f","f","won"
"f","f","f","f","t","f","f","f","f","l","f","t","t","t","f","f","t","f","f","n","f","f","f","won"
"f","f","f","f","t","t","f","f","f","l","f","t","t","t","f","f","t","f","f","n","f","f","f","won"
"f","f","f","f","t","t","f","t","f","l","f","t","t","t","f","f","t","f","f","n","f","f","f","won"
"f","f","f","f","t","f","f","f","f","l","f","t","t","t","f","f","t","f","f","n","f","f","f","won"
"f","f","f","f","t","f","f","t","f","l","f","t","t","t","f","f","t","f","f","n","f","f","f","won"
"f","f","f","f","f","f","f","t","f","l","f","t","t","t","f","f","t","f","f","n","f","f","f","won"
"f","f","t","t","f","t","t","t","t","l","f","t","t","t","t","f","t","f","f","n","f","f","f","won"
"f","f","t","t","f","f","t","t","f","l","f","t","t","t","t","f","t","f","f","n","f","f","f","won"
"t","f","f","f","f","t","f","t","t","l","f","t","t","t","f","f","t","f","f","n","f","f","t","won"
"t","f","f","f","f","t","t","t","t","l","f","t","t","t","f","f","t","f","f","n","f","f","f","won"
"t","f","t","f","t","t","f","f","f","l","f","t","t","t","f","f","t","f","f","n","f","f","f","won"
"t","f","t","f","t","f","f","f","f","l","f","t","t","t","f","f","t","f","f","n","f","f","f","won"
"t","f","t","f","t","t","f","f","f","l","f","t","t","t","f","f","t","f","f","n","f","f","f","won"
"t","f","t","f","f","t","f","f","f","l","f","t","t","t","f","f","t","f","f","n","f","f","f","won"
"t","f","t","f","f","f","f","f","f","l","f","t","t","t","f","f","t","f","f","n","f","f","f","won"
"t","f","t","f","f","t","f","f","f","l","f","t","t","t","f","f","t","f","f","n","f","f","t","won"
"t","f","f","f","t","t","f","f","f","l","f","t","t","t","f","f","t","f","f","n","f","f","f","won"
"t","f","f","f","t","t","f","f","f","l","f","t","t","t","f","f","t","f","f","n","f","f","f","won"
"t","f","f","f","t","f","f","f","f","l","f","t","t","t","f","f","t","f","f","n","f","f","f","won"
"t","f","f","f","t","f","f","t","f","l","f","t","t","t","f","f","t","f","f","n","f","f","t","won"
"t","f","f","f","t","t","f","t","f","l","f","t","t","t","f","f","t","f","f","n","f","f","t","won"
"t","f","f","f","f","f","f","f","f","l","f","t","t","t","f","f","t","f","f","n","f","f","f","won"
"t","f","f","f","f","f","f","t","f","l","f","t","t","t","f","f","t","f","f","n","f","f","t","won"
"t","f","f","t","f","t","t","t","t","l","f","t","t","t","t","f","t","f","f","n","f","f","t","won"
"t","f","f","t","f","f","t","t","f","l","f","t","t","t","t","f","t","f","f","n","f","f","t","won"
"f","f","f","f","t","t","f","f","t","g","f","t","t","t","f","f","t","f","f","n","f","t","f","won"
"f","f","f","f","t","t","f","f","t","g","f","t","t","t","f","f","t","f","f","n","f","t","f","won"
"f","f","f","f","f","t","f","f","t","g","f","t","t","t","f","f","t","f","f","n","f","t","f","won"
"t","f","f","f","t","t","f","f","t","g","f","t","t","t","f","f","t","f","f","n","f","t","f","won"
"f","f","f","f","f","t","f","f","f","l","t","t","t","t","f","f","t","f","f","n","f","t","f","won"
"f","f","t","f","t","t","f","f","t","l","f","t","t","t","f","f","t","f","f","n","f","t","f","won"
"f","f","f","f","f","t","f","f","t","l","f","t","t","t","f","f","t","f","f","n","f","t","f","won"
"f","f","t","f","t","t","f","f","f","l","f","t","t","t","f","f","t","f","f","n","f","t","f","won"
"f","f","t","f","t","f","f","f","f","l","f","t","t","t","f","f","t","f","f","n","f","t","f","won"
"f","f","t","f","t","f","f","t","f","l","f","t","t","t","f","f","t","f","f","n","f","t","f","won"
"f","f","f","f","t","t","f","f","f","l","f","t","t","t","f","f","t","f","f","n","f","t","f","won"
"f","f","f","f","t","f","f","f","f","l","f","t","t","t","f","f","t","f","f","n","f","t","f","won"
"f","f","f","f","f","t","f","f","f","l","f","t","t","t","f","f","t","f","f","n","f","t","f","won"
"f","f","f","f","f","f","f","f","f","l","f","t","t","t","f","f","t","f","f","n","f","t","f","won"
"t","f","t","f","t","t","f","f","t","l","f","t","t","t","f","f","t","f","f","n","f","t","f","won"
"t","f","f","f","f","t","f","f","t","l","f","t","t","t","f","f","t","f","f","n","f","t","f","won"
"f","f","t","f","t","t","f","f","t","g","f","f","t","n","f","f","t","f","f","n","f","f","f","won"
"f","t","t","t","t","t","f","f","t","l","t","f","f","n","f","t","t","t","f","n","f","f","f","won"
"f","t","t","t","t","t","f","f","t","l","t","f","f","n","f","t","t","t","t","n","f","f","f","won"
"f","t","t","t","t","t","f","t","t","l","t","f","f","n","f","t","t","t","f","n","f","f","f","won"
"f","t","t","t","t","t","f","t","t","l","t","f","f","n","f","t","t","t","t","n","f","f","f","won"
"f","t","t","t","f","t","f","f","t","l","t","f","f","n","f","t","t","t","f","w","f","f","f","won"
"f","t","t","t","f","t","f","f","t","l","t","f","f","n","f","t","t","t","t","w","f","f","f","won"
"f","t","t","t","f","t","f","t","t","l","t","f","f","n","f","t","t","t","f","w","f","f","f","won"
"f","t","t","t","f","t","f","t","t","l","t","f","f","n","f","t","t","t","t","w","f","f","f","won"
"f","t","f","t","t","t","f","f","t","l","t","f","f","n","f","t","t","t","f","n","f","f","f","won"
"f","t","f","t","t","t","f","f","t","l","t","f","f","n","f","t","t","t","t","n","f","f","f","won"
"f","t","f","t","t","t","f","t","t","l","t","f","f","n","f","t","t","t","f","n","f","f","f","won"
"f","t","f","t","t","t","f","t","t","l","t","f","f","n","f","t","t","t","t","n","f","f","f","won"
"f","t","f","t","f","t","f","f","t","l","t","f","f","n","f","t","t","t","f","w","f","f","f","won"
"f","t","f","t","f","t","f","f","t","l","t","f","f","n","f","t","t","t","t","w","f","f","f","won"
"f","t","f","t","f","t","f","t","t","l","t","f","f","n","f","t","t","t","f","w","f","f","f","won"
"f","t","f","t","f","t","f","t","t","l","t","f","f","n","f","t","t","t","t","w","f","f","f","won"
"f","t","t","t","f","t","f","f","t","l","t","f","t","n","f","t","t","t","f","w","f","f","f","won"
"f","t","t","t","f","t","f","f","t","l","t","f","t","n","f","t","t","t","t","w","f","f","f","won"
"f","t","t","t","f","t","f","t","t","l","t","f","t","n","f","t","t","t","f","w","f","f","f","won"
"f","t","t","t","f","t","f","t","t","l","t","f","t","n","f","t","t","t","t","w","f","f","f","won"
"f","t","f","t","f","t","f","f","t","l","t","f","t","n","f","t","t","t","f","w","f","f","f","won"
"f","t","f","t","f","t","f","f","t","l","t","f","t","n","f","t","t","t","t","w","f","f","f","won"
"f","t","f","t","f","t","f","t","t","l","t","f","t","n","f","t","t","t","f","w","f","f","f","won"
"f","t","f","t","f","t","f","t","t","l","t","f","t","n","f","t","t","t","t","w","f","f","f","won"
"f","t","t","f","t","f","f","f","f","l","t","f","f","n","f","f","t","t","f","n","f","f","f","won"
"f","t","t","f","t","f","f","f","f","l","t","f","f","n","f","f","t","t","t","n","f","f","f","won"
"f","t","t","f","t","f","f","t","f","l","t","f","f","n","f","f","t","t","f","n","f","f","f","won"
"f","t","t","f","f","f","f","f","f","l","t","f","f","n","f","f","t","t","f","w","f","f","f","won"
"f","t","t","f","f","f","f","f","f","l","t","f","f","n","f","f","t","t","t","w","f","f","f","won"
"f","t","t","f","f","f","f","t","f","l","t","f","f","n","f","f","t","t","f","w","f","f","f","won"
"f","t","t","t","t","t","f","f","f","l","t","f","f","n","f","t","t","t","t","n","f","f","f","won"
"f","t","t","t","t","t","f","t","f","l","t","f","f","n","f","t","t","t","t","n","f","f","f","won"
"f","t","t","t","t","f","f","t","f","l","t","f","f","n","f","t","t","t","t","n","f","f","f","won"
"f","t","t","t","t","f","f","f","f","l","t","f","f","n","f","t","t","t","t","n","f","f","f","won"
"f","t","t","t","t","f","f","t","f","l","t","f","f","n","f","t","t","t","t","n","f","f","f","won"
"f","t","t","t","f","t","f","f","f","l","t","f","f","n","f","t","t","t","t","w","f","f","f","won"
"f","t","t","t","f","t","f","t","f","l","t","f","f","n","f","t","t","t","t","w","f","f","f","won"
"f","t","f","f","t","f","f","f","f","l","t","f","f","n","f","f","t","t","f","n","f","f","f","won"
"f","t","f","f","t","f","f","f","f","l","t","f","f","n","f","f","t","t","t","n","f","f","f","won"
"f","t","f","f","t","f","f","t","f","l","t","f","f","n","f","f","t","t","f","n","f","f","f","won"
"f","t","f","f","t","f","f","t","f","l","t","f","f","n","f","f","t","t","f","n","f","f","t","won"
"f","t","f","f","t","f","f","t","f","l","t","f","f","n","f","f","t","t","t","n","f","f","f","won"
"f","t","f","f","t","f","f","t","f","l","t","f","f","n","f","f","t","t","t","n","f","f","t","won"
"f","t","f","f","f","f","f","f","f","l","t","f","f","n","f","f","t","t","f","w","f","f","f","won"
"f","t","f","f","f","f","f","f","f","l","t","f","f","n","f","f","t","t","t","w","f","f","f","won"
"f","t","f","f","f","f","f","t","f","l","t","f","f","n","f","f","t","t","f","w","f","f","f","won"
"f","t","f","f","f","f","f","t","f","l","t","f","f","n","f","f","t","t","f","w","f","f","t","won"
"f","t","f","f","f","f","f","t","f","l","t","f","f","n","f","f","t","t","t","w","f","f","f","won"
"f","t","f","f","f","f","f","t","f","l","t","f","f","n","f","f","t","t","t","w","f","f","t","won"
"f","t","f","t","t","t","f","f","f","l","t","f","f","n","f","t","t","t","t","n","f","f","f","won"
"f","t","f","t","t","t","f","t","f","l","t","f","f","n","f","t","t","t","t","n","f","f","f","won"
"f","t","f","t","t","f","f","f","f","l","t","f","f","n","f","t","t","t","t","n","f","f","f","won"
"f","t","f","t","t","f","f","t","f","l","t","f","f","n","f","t","t","t","t","n","f","f","f","won"
"f","t","f","t","t","f","f","f","f","l","t","f","f","n","f","t","t","t","t","n","f","f","f","won"
"f","t","f","t","t","f","f","t","f","l","t","f","f","n","f","t","t","t","t","n","f","f","f","won"
"f","t","f","t","f","t","f","f","f","l","t","f","f","n","f","t","t","t","t","w","f","f","f","won"
"f","t","f","t","f","t","f","t","f","l","t","f","f","n","f","t","t","t","t","w","f","f","f","won"
"f","f","t","t","f","f","f","t","f","l","t","f","f","n","f","t","t","t","t","w","f","f","f","won"
"f","f","t","t","f","f","f","f","f","l","t","f","f","n","f","t","t","t","t","w","f","f","f","won"
"f","f","t","t","f","f","f","t","f","l","t","f","f","n","f","t","t","t","t","w","f","f","f","won"
"f","f","f","t","f","f","f","f","f","l","t","f","f","n","f","t","t","t","t","w","f","f","f","won"
"f","f","f","t","f","f","f","f","f","l","t","f","f","n","f","t","t","t","t","w","f","f","t","won"
"f","f","f","t","f","f","f","t","f","l","t","f","f","n","f","t","t","t","t","w","f","f","f","won"
"f","f","f","t","f","f","f","f","f","l","t","f","f","n","f","t","t","t","t","w","f","f","f","won"
"f","f","f","t","f","f","f","f","f","l","t","f","f","n","f","t","t","t","t","w","f","f","t","won"
"f","f","f","t","f","f","f","t","f","l","t","f","f","n","f","t","t","t","t","w","f","f","f","won"
"f","t","t","f","f","f","f","f","f","l","t","f","t","n","f","f","t","t","f","w","f","f","f","won"
"f","t","t","f","f","f","f","f","f","l","t","f","t","n","f","f","t","t","t","w","f","f","f","won"
"f","t","t","f","f","f","f","t","f","l","t","f","t","n","f","f","t","t","f","w","f","f","f","won"
"f","t","t","t","f","f","f","f","f","l","t","f","t","n","f","t","t","t","t","w","f","f","f","won"
"f","t","t","t","f","f","f","t","f","l","t","f","t","n","f","t","t","t","t","w","f","f","f","won"
"f","t","t","t","f","f","f","f","f","l","t","f","t","n","f","t","t","t","t","w","f","f","f","won"
"f","t","f","f","f","f","f","f","f","l","t","f","t","n","f","f","t","t","f","w","f","f","f","won"
"f","t","f","f","f","f","f","f","f","l","t","f","t","n","f","f","t","t","t","w","f","f","f","won"
"f","t","f","f","f","f","f","t","f","l","t","f","t","n","f","f","t","t","f","w","f","f","f","won"
"f","t","f","f","f","f","f","t","f","l","t","f","t","n","f","f","t","t","f","w","f","f","t","won"
"f","t","f","f","f","f","f","t","f","l","t","f","t","n","f","f","t","t","t","w","f","f","f","won"
"f","t","f","f","f","f","f","t","f","l","t","f","t","n","f","f","t","t","t","w","f","f","t","won"
"f","t","f","t","f","f","f","f","f","l","t","f","t","n","f","t","t","t","t","w","f","f","f","won"
"f","t","f","t","f","f","f","t","f","l","t","f","t","n","f","t","t","t","t","w","f","f","f","won"
"f","t","f","t","f","f","f","t","f","l","t","f","t","n","f","t","t","t","t","w","f","f","t","won"
"f","t","f","t","f","f","f","f","f","l","t","f","t","n","f","t","t","t","t","w","f","f","f","won"
"t","t","t","t","t","t","f","f","t","l","t","f","f","n","f","t","t","t","t","n","f","f","f","won"
"t","t","t","t","f","t","f","f","t","l","t","f","f","n","f","t","t","t","t","w","f","f","f","won"
"t","t","f","t","t","t","f","f","t","l","t","f","f","n","f","t","t","t","f","n","f","f","f","won"
"t","t","f","t","t","t","f","f","t","l","t","f","f","n","f","t","t","t","t","n","f","f","f","won"
"t","t","f","t","f","t","f","f","t","l","t","f","f","n","f","t","t","t","f","w","f","f","f","won"
"t","t","f","t","f","t","f","f","t","l","t","f","f","n","f","t","t","t","t","w","f","f","f","won"
"t","t","t","t","f","t","f","f","t","l","t","f","t","n","f","t","t","t","f","w","f","f","f","won"
"t","t","f","t","f","t","f","f","t","l","t","f","t","n","f","t","t","t","f","w","f","f","f","won"
"t","t","f","t","f","t","f","f","t","l","t","f","t","n","f","t","t","t","t","w","f","f","f","won"
"t","t","f","t","t","t","f","t","t","l","t","f","f","n","f","t","t","t","f","n","t","f","f","won"
"t","t","f","t","f","t","f","t","t","l","t","f","f","n","f","t","t","t","f","w","t","f","f","won"
"t","t","f","t","f","t","f","t","t","l","t","f","t","n","f","t","t","t","f","w","t","f","f","won"
"t","t","t","f","t","f","f","f","f","l","t","f","f","n","f","f","t","t","f","n","f","f","f","won"
"t","t","t","f","t","f","f","f","f","l","t","f","f","n","f","f","t","t","t","n","f","f","f","won"
"t","t","t","f","f","f","f","f","f","l","t","f","f","n","f","f","t","t","f","w","f","f","f","won"
"t","t","t","f","f","f","f","f","f","l","t","f","f","n","f","f","t","t","t","w","f","f","f","won"
"t","t","f","f","t","f","f","f","f","l","t","f","f","n","f","f","t","t","f","n","f","f","f","won"
"t","t","f","f","t","f","f","f","f","l","t","f","f","n","f","f","t","t","t","n","f","f","f","won"
"t","t","f","f","t","f","t","f","f","l","t","f","f","n","f","f","t","t","t","n","f","f","f","won"
"t","t","f","f","f","f","f","f","f","l","t","f","f","n","f","f","t","t","f","w","f","f","f","won"
"t","t","f","f","f","f","f","f","f","l","t","f","f","n","f","f","t","t","t","w","f","f","f","won"
"t","t","f","t","t","t","f","f","f","l","t","f","f","n","f","t","t","t","t","n","f","f","f","won"
"t","t","f","t","t","f","f","f","f","l","t","f","f","n","f","t","t","t","t","n","f","f","f","won"
"t","t","f","t","t","f","f","f","f","l","t","f","f","n","f","t","t","t","t","n","f","f","t","won"
"t","t","f","t","t","f","f","f","f","l","t","f","f","n","f","t","t","t","t","n","f","f","t","won"
"t","t","f","t","f","t","f","f","f","l","t","f","f","n","f","t","t","t","t","w","f","f","f","won"
"t","t","t","f","f","f","f","f","f","l","t","f","t","n","f","f","t","t","f","w","f","f","f","won"
"t","t","f","f","f","f","f","f","f","l","t","f","t","n","f","f","t","t","f","w","f","f","f","won"
"t","t","f","f","f","f","f","f","f","l","t","f","t","n","f","f","t","t","t","w","f","f","f","won"
"t","t","f","f","f","f","t","t","f","l","t","f","t","n","f","f","t","t","t","w","f","f","f","won"
"t","t","f","t","f","f","f","f","f","l","t","f","t","n","f","t","t","t","t","w","f","f","f","won"
"t","t","f","t","f","f","f","f","f","l","t","f","t","n","f","t","t","t","t","w","f","f","t","won"
"t","t","f","t","f","f","f","f","f","l","t","f","t","n","f","t","t","t","t","w","f","f","f","won"
"t","t","f","t","f","f","f","f","f","l","t","f","t","n","f","t","t","t","t","w","f","f","t","won"
"t","t","t","f","t","f","f","f","f","l","t","f","f","n","f","f","t","t","f","w","t","f","f","won"
"t","t","t","f","t","f","f","f","f","l","t","f","f","n","f","f","t","t","f","w","t","f","t","won"
"t","t","f","f","t","f","f","f","f","l","t","f","f","n","f","f","t","t","f","w","t","f","t","won"
"t","t","f","f","t","f","f","t","f","l","t","f","f","n","f","f","t","t","f","n","t","f","f","won"
"t","t","f","f","f","f","f","t","f","l","t","f","f","n","f","f","t","t","f","w","t","f","f","won"
"t","t","t","f","t","f","f","f","f","l","t","f","t","n","f","f","t","t","f","w","t","f","f","won"
"t","t","t","f","t","f","f","f","f","l","t","f","t","n","f","f","t","t","f","w","t","f","t","won"
"t","t","f","f","t","f","f","f","f","l","t","f","t","n","f","f","t","t","f","w","t","f","t","won"
"t","t","f","f","f","f","f","t","f","l","t","f","t","n","f","f","t","t","f","w","t","f","f","won"
"f","f","t","f","t","f","f","f","f","l","f","f","t","n","f","f","t","f","f","n","f","f","f","won"
"f","f","t","f","f","f","f","f","f","l","f","f","t","n","f","f","t","f","f","n","f","f","f","won"
"f","f","t","t","t","t","f","f","f","l","f","f","t","n","f","t","t","f","f","n","f","f","f","won"
"f","f","t","t","f","f","f","f","f","l","f","f","t","n","f","t","t","f","f","n","f","f","f","won"
"f","f","f","t","f","f","f","f","f","l","f","f","t","n","f","t","t","f","f","n","f","f","f","won"
"f","f","f","t","f","f","f","t","f","l","f","f","t","n","f","t","t","f","f","n","f","f","f","won"
"t","f","t","f","t","f","f","f","f","l","f","f","t","n","f","f","t","f","f","n","f","f","f","won"
"t","f","t","f","t","f","t","t","f","l","f","f","t","n","f","f","t","f","f","n","f","f","f","won"
"t","f","f","f","t","f","f","t","f","l","f","f","t","n","f","f","t","f","f","n","f","f","t","won"
"t","f","f","f","f","f","f","t","f","l","f","f","t","n","f","f","t","f","f","n","f","f","t","won"
"t","f","f","t","f","f","f","f","f","l","f","f","t","n","f","t","t","f","f","n","f","f","f","won"
"t","f","f","t","f","f","f","t","f","l","f","f","t","n","f","t","t","f","f","n","f","f","t","won"
"t","f","f","t","f","f","f","f","f","l","f","f","t","n","f","t","t","f","f","n","f","f","f","won"
"t","f","f","t","f","f","f","t","f","l","f","f","t","n","f","t","t","f","f","n","f","f","t","won"
"f","f","t","f","t","t","f","f","t","g","f","f","t","n","f","f","t","f","f","n","f","t","f","won"
"t","f","t","f","t","t","f","f","t","g","f","f","t","n","f","f","t","f","f","n","f","t","f","won"
"f","f","t","t","t","t","f","f","t","l","f","f","t","n","f","t","t","f","f","n","f","t","f","won"
"f","f","f","t","t","t","f","f","t","l","f","f","t","n","f","t","t","f","f","n","f","t","f","won"
"f","f","f","t","f","t","f","f","t","l","f","f","t","n","f","t","t","f","f","n","f","t","f","won"
"f","f","t","f","t","f","f","f","f","l","f","f","t","n","f","f","t","f","f","n","f","t","f","won"
"f","f","f","f","t","f","f","f","f","l","f","f","t","n","f","f","t","f","f","n","f","t","f","won"
"f","f","f","t","t","t","f","f","f","l","f","f","t","n","f","t","t","f","f","n","f","t","f","won"
"f","f","f","t","f","f","f","f","f","l","f","f","t","n","f","t","t","f","f","n","f","t","f","won"
"t","f","f","t","t","t","f","f","t","l","f","f","t","n","f","t","t","f","f","n","f","t","f","won"
"t","f","f","t","f","t","f","f","t","l","f","f","t","n","f","t","t","f","f","n","f","t","f","won"
"t","f","t","f","t","f","f","f","f","l","f","f","t","n","f","f","t","f","f","n","f","t","f","won"
"f","f","t","f","t","f","f","t","f","l","t","f","t","t","f","f","t","f","f","n","f","f","f","won"
"f","f","t","f","t","f","f","f","f","l","t","f","t","t","f","f","t","f","f","n","f","f","f","won"
"f","f","t","t","t","t","f","f","f","l","t","f","t","t","f","t","t","f","f","n","f","f","f","won"
"f","f","f","f","t","f","f","f","f","l","t","f","t","t","f","f","t","f","f","n","f","f","f","won"
"f","f","f","f","t","f","f","t","f","l","t","f","t","t","f","f","t","f","f","n","f","f","f","won"
"f","f","f","t","t","t","f","f","f","l","t","f","t","t","f","t","t","f","f","n","f","f","f","won"
"t","f","t","f","t","f","f","f","f","l","t","f","t","t","f","f","t","f","f","n","f","f","f","won"
"t","f","t","f","f","f","f","f","f","l","t","f","t","t","f","f","t","f","f","n","f","f","f","won"
"t","f","t","f","f","f","f","f","f","l","t","f","t","t","f","f","t","f","f","n","f","f","t","won"
"t","f","f","f","t","f","f","t","f","l","t","f","t","t","f","f","t","f","f","n","f","f","t","won"
"t","f","f","f","t","f","f","f","f","l","t","f","t","t","f","f","t","f","f","n","f","f","f","won"
"t","f","f","f","t","f","f","t","f","l","t","f","t","t","f","f","t","f","f","n","f","f","t","won"
"t","f","f","f","f","f","f","f","f","l","t","f","t","t","f","f","t","f","f","n","f","f","t","won"
"t","f","f","t","t","t","f","f","f","l","t","f","t","t","f","t","t","f","f","n","f","f","f","won"
"f","f","t","t","t","t","f","f","t","l","f","f","t","t","f","t","t","f","f","n","f","f","f","won"
"f","f","f","t","t","t","f","f","t","l","f","f","t","t","f","t","t","f","f","n","f","f","f","won"
"f","f","t","f","t","f","f","f","f","l","f","f","t","t","f","f","t","f","f","n","f","f","f","won"
"f","f","t","f","t","f","f","f","f","l","f","f","t","t","f","f","t","f","f","n","f","f","f","won"
"f","f","t","f","t","f","f","t","f","l","f","f","t","t","f","f","t","f","f","n","f","f","f","won"
"f","f","t","f","t","f","f","f","f","l","f","f","t","t","f","f","t","f","f","n","f","f","f","won"
"f","f","t","t","t","t","f","f","f","l","f","f","t","t","f","t","t","f","f","n","f","f","f","won"
"f","f","t","t","t","f","f","f","f","l","f","f","t","t","f","t","t","f","f","n","f","f","f","won"
"f","f","t","t","t","f","f","t","f","l","f","f","t","t","f","t","t","f","f","n","f","f","f","won"
"f","f","t","t","t","f","f","f","f","l","f","f","t","t","f","t","t","f","f","n","f","f","f","won"
"f","f","t","t","t","f","f","f","f","l","f","f","t","t","f","t","t","f","f","n","f","f","f","won"
"f","f","t","t","f","t","f","f","f","l","f","f","t","t","f","t","t","f","f","n","f","f","f","won"
"f","f","f","f","t","t","f","f","f","l","f","f","t","t","f","f","t","f","f","n","f","f","f","won"
"f","f","f","f","t","f","f","t","f","l","f","f","t","t","f","f","t","f","f","n","f","f","f","won"
"f","f","f","f","t","f","f","t","f","l","f","f","t","t","f","f","t","f","f","n","f","f","f","won"
"f","f","f","f","t","f","f","f","f","l","f","f","t","t","f","f","t","f","f","n","f","f","f","won"
"f","f","f","f","t","f","f","f","f","l","f","f","t","t","f","f","t","f","f","n","f","f","f","won"
"f","f","f","f","t","f","f","t","f","l","f","f","t","t","f","f","t","f","f","n","f","f","f","won"
"f","f","f","f","t","f","f","t","f","l","f","f","t","t","f","f","t","f","f","n","f","f","f","won"
"f","f","f","t","t","t","f","f","f","l","f","f","t","t","f","t","t","f","f","n","f","f","f","won"
"f","f","f","t","t","f","f","f","f","l","f","f","t","t","f","t","t","f","f","n","f","f","f","won"
"f","f","f","t","t","f","f","t","f","l","f","f","t","t","f","t","t","f","f","n","f","f","f","won"
"f","f","f","t","t","f","f","f","f","l","f","f","t","t","f","t","t","f","f","n","f","f","f","won"
"f","f","f","t","t","f","f","t","f","l","f","f","t","t","f","t","t","f","f","n","f","f","f","won"
"f","f","f","t","f","t","f","f","f","l","f","f","t","t","f","t","t","f","f","n","f","f","f","won"
"t","f","t","t","t","t","f","f","t","l","f","f","t","t","f","t","t","f","f","n","f","f","f","won"
"t","f","f","f","t","t","f","f","t","l","f","f","t","t","f","f","t","f","f","n","f","f","f","won"
"t","f","f","t","t","t","f","f","t","l","f","f","t","t","f","t","t","f","f","n","f","f","f","won"
"t","f","t","f","t","f","f","f","f","l","f","f","t","t","f","f","t","f","f","n","f","f","f","won"
"t","f","t","f","t","f","f","f","f","l","f","f","t","t","f","f","t","f","f","n","f","f","f","won"
"t","f","t","f","t","f","f","f","f","l","f","f","t","t","f","f","t","f","f","n","f","f","t","won"
"t","f","t","f","t","f","t","f","f","l","f","f","t","t","f","f","t","f","f","n","f","f","f","won"
"t","f","t","f","f","f","f","f","f","l","f","f","t","t","f","f","t","f","f","n","f","f","f","won"
"t","f","t","f","f","f","f","f","f","l","f","f","t","t","f","f","t","f","f","n","f","f","t","won"
"t","f","t","f","f","f","t","t","f","l","f","f","t","t","f","f","t","f","f","n","f","f","f","won"
"t","f","f","f","t","t","f","f","f","l","f","f","t","t","f","f","t","f","f","n","f","f","f","won"
"t","f","f","f","t","f","f","f","f","l","f","f","t","t","f","f","t","f","f","n","f","f","t","won"
"t","f","f","f","t","f","f","t","f","l","f","f","t","t","f","f","t","f","f","n","f","f","f","won"
"t","f","f","f","t","f","f","t","f","l","f","f","t","t","f","f","t","f","f","n","f","f","t","won"
"t","f","f","f","t","f","f","t","f","l","f","f","t","t","f","f","t","f","f","n","f","f","t","won"
"t","f","f","f","t","f","f","f","f","l","f","f","t","t","f","f","t","f","f","n","f","f","f","won"
"t","f","f","f","t","f","f","t","f","l","f","f","t","t","f","f","t","f","f","n","f","f","t","won"
"t","f","f","f","t","f","t","t","f","l","f","f","t","t","f","f","t","f","f","n","f","f","f","won"
"t","f","f","f","f","f","f","f","f","l","f","f","t","t","f","f","t","f","f","n","f","f","t","won"
"t","f","f","f","f","f","f","t","f","l","f","f","t","t","f","f","t","f","f","n","f","f","t","won"
"t","f","f","t","t","t","f","f","f","l","f","f","t","t","f","t","t","f","f","n","f","f","f","won"
"t","f","f","t","t","f","f","f","f","l","f","f","t","t","f","t","t","f","f","n","f","f","f","won"
"t","f","f","t","t","f","f","t","f","l","f","f","t","t","f","t","t","f","f","n","f","f","t","won"
"t","f","f","t","t","f","f","t","f","l","f","f","t","t","f","t","t","f","f","n","f","f","t","won"
"t","f","f","t","t","f","f","f","f","l","f","f","t","t","f","t","t","f","f","n","f","f","f","won"
"t","f","f","t","t","f","f","t","f","l","f","f","t","t","f","t","t","f","f","n","f","f","t","won"
"t","f","f","t","t","f","f","f","f","l","f","f","t","t","f","t","t","f","f","n","f","f","f","won"
"t","f","f","t","f","t","f","f","f","l","f","f","t","t","f","t","t","f","f","n","f","f","f","won"
"f","f","f","t","t","t","f","f","t","l","t","f","t","t","f","t","t","f","f","n","f","t","f","won"
"f","f","f","f","t","f","f","f","f","l","t","f","t","t","f","f","t","f","f","n","f","t","f","won"
"f","f","f","f","t","f","f","f","f","l","t","f","t","t","f","f","t","f","f","n","f","t","f","won"
"f","f","f","t","t","t","f","f","f","l","t","f","t","t","f","t","t","f","f","n","f","t","f","won"
"t","f","f","t","t","t","f","f","t","l","t","f","t","t","f","t","t","f","f","n","f","t","f","won"
"t","f","f","f","t","f","f","f","f","l","t","f","t","t","f","f","t","f","f","n","f","t","f","won"
"f","f","f","t","t","t","f","f","t","l","f","f","t","t","f","t","t","f","f","n","f","t","f","won"
"f","f","f","f","t","f","f","f","f","l","f","f","t","t","f","f","t","f","f","n","f","t","f","won"
"f","f","f","t","t","f","f","f","f","l","f","f","t","t","f","t","t","f","f","n","f","t","f","won"
"f","f","f","t","t","f","f","f","f","l","f","f","t","t","f","t","t","f","f","n","f","t","f","won"
"t","f","f","t","t","t","f","f","t","l","f","f","t","t","f","t","t","f","f","n","f","t","f","won"
"t","f","f","f","t","f","f","f","f","l","f","f","t","t","f","f","t","f","f","n","f","t","f","won"
"f","t","t","f","t","t","f","f","t","g","t","t","f","n","f","f","f","f","f","b","f","f","f","nowin"
"f","f","t","f","t","t","f","f","t","g","t","t","f","n","f","f","f","f","f","n","f","f","f","nowin"
"f","f","t","f","f","t","f","f","t","g","t","t","f","n","f","f","f","f","t","n","f","f","f","nowin"
"f","f","f","f","t","t","t","f","t","g","t","t","f","n","f","f","f","f","f","n","f","f","f","nowin"
"f","f","f","f","f","t","f","f","t","g","t","t","f","n","f","f","f","f","t","n","f","f","f","nowin"
"f","t","f","f","t","t","f","f","t","g","t","t","t","n","f","f","f","f","f","b","f","f","f","nowin"
"f","t","f","t","t","t","t","t","t","g","t","t","t","n","t","f","f","f","f","b","f","f","f","nowin"
"f","t","f","t","f","t","t","f","t","g","t","t","t","n","t","f","f","f","f","b","f","f","f","nowin"
"f","t","f","t","t","t","t","f","t","g","t","t","f","n","t","f","f","f","f","n","f","f","f","nowin"
"f","t","f","t","t","t","t","t","t","g","t","t","f","n","t","f","f","f","f","n","f","f","f","nowin"
"f","f","t","t","t","f","t","t","t","g","t","t","t","n","t","f","f","f","f","n","f","f","f","nowin"
"f","f","t","t","t","f","t","t","t","g","t","t","t","n","t","f","f","f","f","n","f","f","t","nowin"
"f","f","t","t","f","f","t","f","t","g","t","t","t","n","t","f","f","f","f","n","f","f","f","nowin"
"f","f","t","t","f","f","t","t","t","g","t","t","t","n","t","f","f","f","f","n","f","f","f","nowin"
"f","f","t","t","f","f","t","t","t","g","t","t","t","n","t","f","f","f","f","n","f","f","t","nowin"
"f","f","f","t","t","f","t","t","t","g","t","t","t","n","t","f","f","f","f","n","f","f","f","nowin"
"f","f","f","t","t","f","t","f","t","g","t","t","t","n","t","f","f","f","f","n","f","f","f","nowin"
"f","f","f","t","t","f","t","t","t","g","t","t","t","n","t","t","f","f","f","n","f","f","f","nowin"
"f","f","f","t","f","f","t","f","t","g","t","t","t","n","t","t","f","f","f","n","f","f","f","nowin"
"f","f","f","t","f","f","t","t","t","g","t","t","t","n","t","t","f","f","f","n","f","f","f","nowin"
"f","t","t","t","f","f","t","f","t","g","t","t","t","n","t","f","f","f","f","b","t","f","t","nowin"
"f","t","t","t","f","f","t","t","t","g","t","t","t","n","t","f","f","f","f","b","t","f","f","nowin"
"f","t","f","t","f","f","t","f","t","g","t","t","t","n","t","f","f","f","f","b","t","f","f","nowin"
"f","t","f","t","f","f","t","t","t","g","t","t","t","n","t","t","f","f","f","b","t","f","f","nowin"
"f","t","t","t","t","f","t","f","t","g","t","t","f","n","t","f","f","f","f","n","t","f","f","nowin"
"f","t","t","t","t","f","t","t","t","g","t","t","f","n","t","f","f","f","f","n","t","f","t","nowin"
"f","t","t","t","t","f","t","f","t","g","t","t","f","n","t","f","f","f","f","n","t","f","f","nowin"
"f","t","t","t","t","f","t","f","t","g","t","t","f","n","t","f","f","f","f","n","t","f","t","nowin"
"f","t","f","t","f","f","t","f","t","g","t","t","f","n","t","f","f","f","f","n","t","f","f","nowin"
"f","t","f","t","f","f","t","t","t","g","t","t","f","n","t","f","f","f","f","n","t","f","f","nowin"
"f","t","f","t","f","f","t","t","t","g","t","t","f","n","t","t","f","f","f","n","t","f","f","nowin"
"f","t","t","t","t","f","t","f","t","g","t","t","t","n","t","f","f","f","f","n","t","f","f","nowin"
"f","t","t","t","t","f","t","t","t","g","t","t","t","n","t","f","f","f","f","n","t","f","t","nowin"
"f","t","f","t","f","f","t","f","t","g","t","t","t","n","t","f","f","f","f","n","t","f","f","nowin"
"f","t","f","t","f","f","t","t","t","g","t","t","t","n","t","f","f","f","f","n","t","f","f","nowin"
"f","t","f","t","f","f","t","t","t","g","t","t","t","n","t","t","f","f","f","n","t","f","f","nowin"
"f","f","t","t","f","f","t","t","f","g","t","t","t","n","t","f","f","f","f","n","f","f","f","nowin"
"f","t","t","t","t","f","t","f","f","g","t","t","t","n","t","f","f","f","f","b","t","f","f","nowin"
"f","t","t","t","f","f","t","t","f","g","t","t","t","n","t","f","f","f","f","b","t","f","f","nowin"
"f","t","t","f","f","t","f","f","t","g","t","t","t","n","f","f","f","f","f","n","f","f","f","nowin"
"f","t","f","f","t","t","f","f","t","g","t","t","t","n","f","f","f","f","f","n","f","f","f","nowin"
"f","t","f","f","f","t","f","f","t","g","t","t","t","n","f","f","f","f","f","n","f","f","f","nowin"
"f","f","t","f","f","t","f","f","t","g","t","t","t","n","f","f","f","f","f","n","f","f","f","nowin"
"f","f","f","f","t","t","f","f","t","g","t","t","t","n","f","f","f","f","f","n","f","f","f","nowin"
"f","f","f","f","f","t","f","f","t","g","t","t","t","n","f","f","f","f","f","n","f","f","f","nowin"
"f","f","f","t","t","t","t","f","t","g","t","t","f","n","t","f","f","f","f","n","f","f","f","nowin"
"t","t","t","f","f","t","f","f","t","g","t","t","t","n","f","f","f","f","f","b","f","f","t","nowin"
"t","t","t","f","f","t","t","f","t","g","t","t","t","n","f","f","f","f","f","b","f","f","f","nowin"
"t","t","t","f","f","t","t","t","t","g","t","t","t","n","f","f","f","f","f","b","f","f","f","nowin"
"t","t","t","f","f","t","t","t","t","g","t","t","t","n","f","f","f","f","f","n","f","f","f","nowin"
"t","f","t","f","f","t","t","t","t","g","t","t","t","n","f","f","f","f","f","n","f","f","f","nowin"
"t","t","f","t","t","t","f","f","t","g","t","t","t","n","t","f","f","f","f","b","f","f","f","nowin"
"t","t","f","t","f","t","f","t","t","g","t","t","t","n","t","f","f","f","f","b","f","f","f","nowin"
"t","t","f","t","t","t","t","f","t","g","t","t","f","n","t","f","f","f","f","n","f","f","f","nowin"
"t","t","f","t","f","t","f","t","t","g","t","t","f","n","t","f","f","f","f","n","f","f","f","nowin"
"t","t","t","t","t","t","t","f","t","g","t","t","t","n","t","f","f","f","f","n","f","f","t","nowin"
"t","t","t","t","f","t","t","t","t","g","t","t","t","n","t","f","f","f","f","n","f","f","t","nowin"
"t","f","t","t","f","t","t","t","t","g","t","t","t","n","t","f","f","f","f","n","f","f","t","nowin"
"t","t","f","t","f","t","f","f","t","g","t","t","t","n","t","f","f","f","f","b","t","f","f","nowin"
"t","t","f","f","f","t","f","f","t","g","t","t","t","n","f","f","f","f","f","n","f","f","f","nowin"
"t","f","t","f","f","t","f","f","t","g","t","t","t","n","f","f","f","f","f","n","f","f","f","nowin"
"t","f","f","f","t","t","f","f","t","g","t","t","t","n","f","f","f","f","f","n","f","f","f","nowin"
"t","f","f","f","f","t","f","f","t","g","t","t","t","n","f","f","f","f","f","n","f","f","f","nowin"
"f","f","t","t","t","f","t","t","t","g","f","t","t","n","t","f","f","f","f","n","f","f","f","nowin"
"f","f","t","t","t","f","t","t","t","g","f","t","t","n","t","f","f","f","f","n","f","f","t","nowin"
"f","f","t","t","f","f","t","t","t","g","f","t","t","n","t","f","f","f","f","n","f","f","f","nowin"
"f","f","t","t","f","f","t","t","t","g","f","t","t","n","t","f","f","f","f","n","f","f","t","nowin"
"f","f","f","t","t","t","t","t","t","g","f","t","t","n","t","f","f","f","f","n","f","f","f","nowin"
"f","f","f","t","t","f","t","t","t","g","f","t","t","n","t","f","f","f","f","n","f","f","f","nowin"
"f","f","f","t","t","f","t","t","t","g","f","t","t","n","t","t","f","f","f","n","f","f","f","nowin"
"f","f","f","t","f","f","t","t","t","g","f","t","t","n","t","f","f","f","f","n","f","f","f","nowin"
"f","f","f","t","f","f","t","t","t","g","f","t","t","n","t","t","f","f","f","n","f","f","f","nowin"
"f","f","t","t","f","f","t","t","f","g","f","t","t","n","t","f","f","f","f","n","f","f","f","nowin"
"f","f","f","f","f","t","f","f","t","g","f","t","t","n","f","f","f","f","f","n","f","f","f","nowin"
"t","f","t","f","f","t","t","t","t","g","f","t","t","n","f","f","f","f","f","n","f","f","f","nowin"
"t","f","f","t","t","t","f","t","t","g","f","t","t","n","t","f","f","f","f","n","f","f","f","nowin"
"t","f","f","t","t","t","t","t","t","g","f","t","t","n","t","f","f","f","f","n","f","f","f","nowin"
"t","f","f","t","f","t","t","t","t","g","f","t","t","n","t","f","f","f","f","n","f","f","f","nowin"
"f","t","t","f","t","t","f","f","t","l","t","t","f","n","f","f","f","t","f","b","f","f","f","nowin"
"f","t","t","f","t","t","f","f","t","l","t","t","f","n","f","f","f","t","t","b","f","f","f","nowin"
"f","t","f","f","t","t","f","f","t","l","t","t","f","n","f","f","f","t","f","b","f","f","f","nowin"
"f","t","f","f","t","t","f","f","t","l","t","t","f","n","f","f","f","t","t","b","f","f","f","nowin"
"f","f","t","f","t","t","f","f","t","l","t","t","f","n","f","f","f","f","f","b","f","f","f","nowin"
"f","f","t","f","t","t","f","f","t","l","t","t","f","n","f","f","f","t","t","b","f","f","f","nowin"
"f","f","f","f","t","t","f","f","t","l","t","t","f","n","f","f","f","f","f","b","f","f","f","nowin"
"f","f","f","f","t","t","f","f","t","l","t","t","f","n","f","f","f","t","t","b","f","f","f","nowin"
"f","f","f","f","t","t","t","f","t","l","t","t","f","n","f","f","f","f","f","b","f","f","f","nowin"
"f","t","f","f","f","t","f","f","t","l","t","t","t","n","f","f","f","f","f","b","f","f","f","nowin"
"f","t","t","f","t","t","f","f","t","l","t","t","f","n","f","f","f","t","t","n","f","f","f","nowin"
"f","t","t","f","t","f","f","f","t","l","t","t","f","n","f","f","f","t","t","n","f","f","f","nowin"
"f","t","t","f","t","t","f","f","t","l","t","t","f","n","f","f","f","t","t","n","f","f","f","nowin"
"f","t","f","f","t","t","f","f","t","l","t","t","f","n","f","f","f","t","t","n","f","f","f","nowin"
"f","t","f","f","t","f","f","f","t","l","t","t","f","n","f","f","f","t","t","n","f","f","f","nowin"
"f","t","f","f","t","t","f","f","t","l","t","t","f","n","f","f","f","t","t","n","f","f","f","nowin"
"f","t","f","f","t","t","t","t","t","l","t","t","f","n","f","f","f","f","t","w","f","f","f","nowin"
"f","f","t","f","f","t","f","f","t","l","t","t","f","n","f","f","f","f","t","n","f","f","f","nowin"
"f","f","t","f","f","t","f","f","t","l","t","t","f","n","f","f","f","f","t","n","f","f","t","nowin"
"f","f","t","f","f","t","t","f","t","l","t","t","f","n","f","f","f","f","t","n","f","f","f","nowin"
"f","f","f","f","f","t","f","f","t","l","t","t","f","n","f","f","f","f","t","n","f","f","f","nowin"
"f","f","f","f","f","t","t","f","t","l","t","t","f","n","f","f","f","f","t","n","f","f","f","nowin"
"f","f","t","f","t","t","f","f","f","l","t","t","f","n","f","f","f","t","t","n","f","f","f","nowin"
"f","f","t","f","f","f","f","f","f","l","t","t","f","n","f","f","f","f","t","n","f","f","f","nowin"
"f","f","f","f","t","t","f","f","f","l","t","t","f","n","f","f","f","t","t","n","f","f","f","nowin"
"f","f","f","f","t","t","f","f","f","l","t","t","f","n","f","f","f","t","t","n","f","f","f","nowin"
"f","f","f","f","f","f","f","f","f","l","t","t","f","n","f","f","f","f","t","n","f","f","f","nowin"
"f","f","f","f","f","f","f","f","f","l","t","t","f","n","f","f","f","f","t","n","f","f","f","nowin"
"f","t","t","f","t","f","f","f","f","l","t","t","t","n","f","f","f","t","t","n","f","f","f","nowin"
"f","t","t","f","t","f","f","f","f","l","t","t","t","n","f","f","f","t","t","w","f","f","f","nowin"
"f","t","t","f","f","f","f","f","f","l","t","t","t","n","f","f","f","f","f","w","f","f","f","nowin"
"f","t","f","f","t","f","f","f","f","l","t","t","t","n","f","f","f","t","t","n","f","f","f","nowin"
"f","t","f","f","t","f","f","f","f","l","t","t","t","n","f","f","f","t","t","w","f","f","f","nowin"
"f","t","f","f","f","f","f","f","f","l","t","t","t","n","f","f","f","f","f","w","f","f","f","nowin"
"f","t","f","f","f","f","f","f","f","l","t","t","t","n","f","f","f","t","t","n","f","f","f","nowin"
"f","t","f","f","f","t","f","f","f","l","t","t","t","n","f","f","f","f","f","n","f","f","f","nowin"
"f","t","f","f","f","f","f","f","f","l","t","t","t","n","f","f","f","f","f","n","f","f","f","nowin"
"f","t","f","f","f","f","f","f","f","l","t","t","t","n","f","f","f","f","f","w","f","f","f","nowin"
"f","t","f","t","t","t","t","t","t","l","t","t","t","n","t","f","f","f","f","b","f","f","f","nowin"
"f","t","f","t","f","t","t","f","t","l","t","t","t","n","t","f","f","f","t","b","f","f","f","nowin"
"f","t","f","t","t","t","t","f","t","l","t","t","f","n","t","f","f","f","f","w","f","f","f","nowin"
"f","t","f","t","t","t","t","f","t","l","t","t","f","n","t","f","f","f","t","n","f","f","f","nowin"
"f","t","f","t","t","t","t","f","t","l","t","t","f","n","t","f","f","f","t","w","f","f","f","nowin"
"f","t","f","t","t","t","t","t","t","l","t","t","f","n","t","f","f","f","f","n","f","f","f","nowin"
"f","t","f","t","t","t","t","t","t","l","t","t","f","n","t","f","f","f","f","w","f","f","f","nowin"
"f","f","f","t","f","t","t","f","t","l","t","t","f","n","t","f","f","f","t","n","f","f","f","nowin"
"f","t","f","t","t","t","t","f","t","l","t","t","t","n","t","f","f","f","t","w","f","f","f","nowin"
"f","t","f","t","t","t","t","t","t","l","t","t","t","n","t","f","f","f","f","w","f","f","f","nowin"
"f","f","f","t","t","f","t","f","t","l","t","t","t","n","t","f","f","f","f","n","f","f","f","nowin"
"f","f","f","t","f","f","t","t","t","l","t","t","t","n","t","t","f","f","f","n","f","f","f","nowin"
"f","t","t","t","f","f","t","f","t","l","t","t","t","n","t","f","f","f","f","b","t","f","f","nowin"
"f","t","t","t","f","f","t","f","t","l","t","t","t","n","t","f","f","f","f","b","t","f","t","nowin"
"f","t","f","t","f","f","t","f","t","l","t","t","t","n","t","f","f","f","f","b","t","f","f","nowin"
"f","t","f","t","f","f","t","t","t","l","t","t","t","n","t","t","f","f","t","b","t","f","f","nowin"
"f","t","f","t","f","f","t","t","t","l","t","t","t","n","t","t","f","t","f","b","t","f","f","nowin"
"f","t","f","t","t","f","t","f","t","l","t","t","f","n","t","f","f","f","f","n","t","f","f","nowin"
"f","t","f","t","t","f","t","f","t","l","t","t","f","n","t","f","f","f","t","n","t","f","f","nowin"
"f","t","f","t","t","f","t","t","t","l","t","t","f","n","t","f","f","f","f","n","t","f","f","nowin"
"f","t","f","t","t","f","t","f","t","l","t","t","f","n","t","f","f","t","f","n","t","f","f","nowin"
"f","t","f","t","t","f","t","f","t","l","t","t","f","n","t","f","f","t","t","n","t","f","f","nowin"
"f","t","f","t","t","f","t","t","t","l","t","t","f","n","t","f","f","t","t","n","t","f","f","nowin"
"f","t","f","t","t","f","t","t","t","l","t","t","f","n","t","t","f","f","f","n","t","f","f","nowin"
"f","t","f","t","t","f","t","t","t","l","t","t","f","n","t","t","f","f","t","n","t","f","f","nowin"
"f","t","f","t","t","f","t","t","t","l","t","t","f","n","t","t","f","t","t","n","t","f","f","nowin"
"f","t","f","t","f","f","t","f","t","l","t","t","f","n","t","f","f","f","f","n","t","f","f","nowin"
"f","t","f","t","f","f","t","f","t","l","t","t","f","n","t","f","f","f","f","w","t","f","f","nowin"
"f","t","f","t","f","f","t","f","t","l","t","t","f","n","t","f","f","f","t","w","t","f","f","nowin"
"f","t","f","t","f","f","t","t","t","l","t","t","f","n","t","f","f","f","f","n","t","f","f","nowin"
"f","t","f","t","f","f","t","t","t","l","t","t","f","n","t","f","f","f","f","w","t","f","f","nowin"
"f","t","f","t","f","f","t","t","t","l","t","t","f","n","t","f","f","f","t","w","t","f","f","nowin"
"f","t","f","t","f","f","t","f","t","l","t","t","f","n","t","f","f","t","t","w","t","f","f","nowin"
"f","t","f","t","f","f","t","t","t","l","t","t","f","n","t","t","f","f","f","n","t","f","f","nowin"
"f","t","f","t","f","f","t","t","t","l","t","t","f","n","t","t","f","f","f","w","t","f","f","nowin"
"f","t","f","t","f","f","t","t","t","l","t","t","f","n","t","t","f","f","t","n","t","f","f","nowin"
"f","t","f","t","f","f","t","t","t","l","t","t","f","n","t","t","f","f","t","w","t","f","f","nowin"
"f","t","f","t","f","f","t","f","t","l","t","t","t","n","t","f","f","f","f","n","t","f","f","nowin"
"f","t","f","t","f","f","t","f","t","l","t","t","t","n","t","f","f","f","f","w","t","f","f","nowin"
"f","t","f","t","f","f","t","f","t","l","t","t","t","n","t","f","f","f","t","w","t","f","f","nowin"
"f","t","f","t","f","f","t","t","t","l","t","t","t","n","t","f","f","f","f","n","t","f","f","nowin"
"f","t","f","t","f","f","t","t","t","l","t","t","t","n","t","f","f","f","f","w","t","f","f","nowin"
"f","t","f","t","f","f","t","f","t","l","t","t","t","n","t","f","f","t","t","n","t","f","f","nowin"
"f","t","f","t","f","f","t","t","t","l","t","t","t","n","t","f","f","t","t","w","t","f","f","nowin"
"f","t","f","t","f","f","t","t","t","l","t","t","t","n","t","t","f","f","f","n","t","f","f","nowin"
"f","t","f","t","f","f","t","t","t","l","t","t","t","n","t","t","f","f","f","w","t","f","f","nowin"
"f","t","f","t","f","f","t","t","t","l","t","t","t","n","t","t","f","f","t","w","t","f","f","nowin"
"f","t","f","t","f","f","t","f","t","l","t","t","t","n","t","t","f","t","t","n","t","f","f","nowin"
"f","f","t","t","t","f","t","f","f","l","t","t","t","n","t","f","f","f","f","n","f","f","f","nowin"
"f","f","t","t","t","f","t","t","f","l","t","t","t","n","t","f","f","f","f","n","f","f","f","nowin"
"f","f","t","t","t","f","t","t","f","l","t","t","t","n","t","f","f","f","f","n","f","f","t","nowin"
"f","f","t","t","f","f","t","f","f","l","t","t","t","n","t","f","f","f","f","n","f","f","f","nowin"
"f","f","t","t","f","f","t","t","f","l","t","t","t","n","t","f","f","f","f","n","f","f","f","nowin"
"f","f","t","t","f","f","t","t","f","l","t","t","t","n","t","f","f","f","f","n","f","f","t","nowin"
"f","t","t","t","t","f","t","f","f","l","t","t","t","n","t","f","f","f","t","b","t","f","f","nowin"
"f","t","t","t","f","f","t","t","f","l","t","t","t","n","t","f","f","f","f","b","t","f","f","nowin"
"f","t","t","t","t","f","t","f","f","l","t","t","f","n","t","f","f","f","f","n","t","f","f","nowin"
"f","t","t","t","t","f","t","f","f","l","t","t","f","n","t","f","f","f","f","w","t","f","f","nowin"
"f","t","t","t","t","f","t","f","f","l","t","t","f","n","t","f","f","f","t","n","t","f","f","nowin"
"f","t","t","t","t","f","t","f","f","l","t","t","f","n","t","f","f","f","t","w","t","f","f","nowin"
"f","t","t","t","t","f","t","t","f","l","t","t","f","n","t","f","f","f","f","n","t","f","t","nowin"
"f","t","t","t","t","f","t","t","f","l","t","t","f","n","t","f","f","f","f","w","t","f","t","nowin"
"f","t","t","t","t","f","t","t","f","l","t","t","f","n","t","f","f","f","t","n","t","f","t","nowin"
"f","t","t","t","t","f","t","t","f","l","t","t","f","n","t","f","f","f","t","w","t","f","t","nowin"
"f","t","t","t","t","f","t","f","f","l","t","t","f","n","t","f","f","t","t","w","t","f","t","nowin"
"f","t","t","t","t","f","t","f","f","l","t","t","f","n","t","f","f","f","t","n","t","f","f","nowin"
"f","t","t","t","t","f","t","f","f","l","t","t","f","n","t","f","f","f","t","n","t","f","t","nowin"
"f","t","f","t","t","f","t","t","f","l","t","t","f","n","t","f","f","f","f","n","t","f","f","nowin"
"f","t","f","t","t","f","t","t","f","l","t","t","f","n","t","f","f","t","t","n","t","f","f","nowin"
"f","t","f","t","f","f","t","t","f","l","t","t","f","n","t","f","f","f","f","n","t","f","f","nowin"
"f","t","f","t","f","f","t","t","f","l","t","t","f","n","t","f","f","f","f","w","t","f","f","nowin"
"f","t","f","t","f","f","t","t","f","l","t","t","f","n","t","f","f","f","t","n","t","f","f","nowin"
"f","t","f","t","f","f","t","t","f","l","t","t","f","n","t","f","f","f","t","w","t","f","f","nowin"
"f","t","f","t","f","f","t","t","f","l","t","t","f","n","t","f","f","t","t","w","t","f","f","nowin"
"f","t","t","t","t","f","t","f","f","l","t","t","t","n","t","f","f","f","f","n","t","f","f","nowin"
"f","t","t","t","t","f","t","f","f","l","t","t","t","n","t","f","f","f","f","w","t","f","f","nowin"
"f","t","t","t","t","f","t","f","f","l","t","t","t","n","t","f","f","f","t","w","t","f","f","nowin"
"f","t","t","t","t","f","t","t","f","l","t","t","t","n","t","f","f","f","f","n","t","f","t","nowin"
"f","t","t","t","t","f","t","t","f","l","t","t","t","n","t","f","f","f","f","w","t","f","t","nowin"
"f","t","t","t","t","f","t","t","f","l","t","t","t","n","t","f","f","t","t","w","t","f","t","nowin"
"f","t","f","t","f","f","t","t","f","l","t","t","t","n","t","f","f","f","f","n","t","f","f","nowin"
"f","t","f","t","f","f","t","t","f","l","t","t","t","n","t","f","f","f","f","w","t","f","f","nowin"
"f","t","f","t","f","f","t","t","f","l","t","t","t","n","t","f","f","t","t","w","t","f","f","nowin"
"f","t","f","f","t","t","f","f","t","l","t","t","t","n","f","f","f","f","f","n","f","f","f","nowin"
"f","f","f","t","t","t","t","f","t","l","t","t","f","n","t","f","f","f","f","n","f","f","f","nowin"
"t","t","t","f","f","t","f","f","t","l","t","t","t","n","f","f","f","f","f","b","f","f","f","nowin"
"t","t","t","f","f","t","f","f","t","l","t","t","t","n","f","f","f","f","f","b","f","f","t","nowin"
"t","t","t","f","f","t","t","f","t","l","t","t","t","n","f","f","f","f","t","b","f","f","f","nowin"
"t","t","t","f","t","t","f","f","t","l","t","t","f","n","f","f","f","t","t","n","f","f","f","nowin"
"t","t","t","f","t","f","f","f","t","l","t","t","f","n","f","f","f","t","t","n","f","f","f","nowin"
"t","t","f","f","t","t","f","f","t","l","t","t","f","n","f","f","f","t","t","n","f","f","f","nowin"
"t","t","f","f","t","f","f","f","t","l","t","t","f","n","f","f","f","t","t","n","f","f","f","nowin"
"t","t","f","f","t","t","t","t","t","l","t","t","f","n","f","f","f","f","t","n","f","f","f","nowin"
"t","t","f","f","t","t","t","t","t","l","t","t","f","n","f","f","f","f","t","w","f","f","f","nowin"
"t","t","f","f","t","t","t","f","t","l","t","t","f","n","f","f","f","t","t","w","f","f","f","nowin"
"t","t","t","f","f","t","f","f","t","l","t","t","t","n","f","f","f","f","f","n","f","f","t","nowin"
"t","t","t","f","t","f","f","f","f","l","t","t","t","n","f","f","f","t","t","n","f","f","t","nowin"
"t","t","t","f","f","f","f","f","f","l","t","t","t","n","f","f","f","t","t","n","f","f","f","nowin"
"t","t","f","f","t","f","f","f","f","l","t","t","t","n","f","f","f","t","t","n","f","f","f","nowin"
"t","t","f","f","f","f","f","f","f","l","t","t","t","n","f","f","f","f","f","w","f","f","f","nowin"
"t","t","f","f","f","f","f","f","f","l","t","t","t","n","f","f","f","t","t","n","f","f","f","nowin"
"t","f","t","f","f","f","f","f","f","l","t","t","t","n","f","f","f","f","f","n","f","f","t","nowin"
"t","t","f","t","t","t","f","f","t","l","t","t","f","n","t","f","f","f","f","w","f","f","f","nowin"
"t","t","f","t","t","t","f","f","t","l","t","t","f","n","t","f","f","f","t","n","f","f","f","nowin"
"t","t","f","t","t","t","f","f","t","l","t","t","f","n","t","f","f","f","t","w","f","f","f","nowin"
"t","t","f","t","t","t","f","f","t","l","t","t","f","n","t","f","f","t","t","n","f","f","f","nowin"
"t","t","f","t","t","t","t","f","t","l","t","t","f","n","t","f","f","f","f","w","f","f","f","nowin"
"t","t","f","t","t","t","t","f","t","l","t","t","f","n","t","f","f","f","t","n","f","f","f","nowin"
"t","t","f","t","t","t","t","f","t","l","t","t","f","n","t","f","f","f","t","w","f","f","f","nowin"
"t","t","f","t","f","t","f","f","t","l","t","t","f","n","t","f","f","f","t","w","f","f","f","nowin"
"t","t","f","t","t","t","f","f","t","l","t","t","t","n","t","f","f","t","t","n","f","f","f","nowin"
"t","t","f","t","t","t","t","f","t","l","t","t","t","n","t","f","f","f","t","w","f","f","f","nowin"
"t","t","f","t","f","t","f","f","t","l","t","t","t","n","t","f","f","t","t","n","f","f","f","nowin"
"t","f","t","t","f","t","t","f","t","l","t","t","t","n","t","f","f","f","f","n","f","f","t","nowin"
"t","t","f","t","f","t","f","f","t","l","t","t","t","n","t","f","f","f","f","b","t","f","f","nowin"
"t","t","f","t","t","f","f","t","f","l","t","t","f","n","t","f","f","f","f","n","f","f","f","nowin"
"t","t","f","t","t","f","f","t","f","l","t","t","f","n","t","f","f","t","f","n","f","f","f","nowin"
"t","t","f","t","f","f","f","t","f","l","t","t","f","n","t","f","f","f","f","n","f","f","f","nowin"
"t","t","f","t","f","f","f","t","f","l","t","t","f","n","t","f","f","f","f","w","f","f","f","nowin"
"t","t","f","t","f","f","f","t","f","l","t","t","f","n","t","f","f","f","t","n","f","f","f","nowin"
"t","t","f","t","f","f","f","t","f","l","t","t","f","n","t","f","f","f","t","w","f","f","f","nowin"
"t","t","t","t","t","t","t","f","f","l","t","t","t","n","t","f","f","f","f","n","f","f","t","nowin"
"t","t","f","t","f","f","f","t","f","l","t","t","t","n","t","f","f","f","f","w","f","f","f","nowin"
"f","f","t","t","f","f","t","f","t","l","f","t","t","n","t","f","f","f","f","n","f","f","t","nowin"
"f","f","f","t","t","f","t","t","t","l","f","t","t","n","t","f","f","f","f","n","f","f","f","nowin"
"f","f","f","t","t","f","t","f","t","l","f","t","t","n","t","f","f","f","f","n","f","f","f","nowin"
"f","f","f","t","t","f","t","t","t","l","f","t","t","n","t","f","f","f","f","n","f","f","f","nowin"
"f","f","f","t","t","f","t","f","t","l","f","t","t","n","t","t","f","f","f","n","f","f","f","nowin"
"f","f","f","t","t","f","t","t","t","l","f","t","t","n","t","t","f","f","f","n","f","f","f","nowin"
"f","f","f","t","f","f","t","t","t","l","f","t","t","n","t","t","f","f","f","n","f","f","f","nowin"
"f","f","t","t","t","f","t","f","f","l","f","t","t","n","t","f","f","f","f","n","f","f","t","nowin"
"f","f","t","t","f","f","t","f","f","l","f","t","t","n","t","f","f","f","f","n","f","f","t","nowin"
"f","f","f","t","t","f","t","t","f","l","f","t","t","n","t","f","f","f","f","n","f","f","f","nowin"
"f","f","f","t","f","f","t","t","f","l","f","t","t","n","t","f","f","f","f","n","f","f","f","nowin"
"t","f","t","f","t","t","f","f","t","l","f","t","t","n","f","f","f","f","f","n","f","f","f","nowin"
"t","f","t","f","t","t","f","f","t","l","f","t","t","n","f","f","f","f","f","n","f","f","t","nowin"
"t","f","f","f","t","f","f","f","f","l","f","t","t","n","f","f","f","f","f","n","f","f","f","nowin"
"t","f","f","t","t","f","f","t","f","l","f","t","t","n","t","f","f","f","f","n","f","f","f","nowin"
"t","f","f","t","f","f","f","t","f","l","f","t","t","n","t","f","f","f","f","n","f","f","f","nowin"
"f","t","f","f","t","t","f","f","t","g","t","t","f","n","f","f","f","f","f","n","f","t","f","nowin"
"f","t","t","f","f","t","f","f","t","g","t","t","t","n","f","f","f","f","f","n","f","t","f","nowin"
"f","t","f","f","t","t","f","f","t","g","t","t","t","n","f","f","f","f","f","n","f","t","f","nowin"
"f","t","f","f","f","t","f","f","t","g","t","t","t","n","f","f","f","f","f","n","f","t","f","nowin"
"f","t","f","t","t","t","t","f","t","g","t","t","f","n","t","f","f","f","f","n","f","t","f","nowin"
"f","f","f","t","t","t","t","f","t","g","t","t","f","n","t","f","f","f","f","n","f","t","f","nowin"
"t","t","f","f","t","t","t","f","t","g","t","t","f","n","f","f","f","f","f","n","f","t","f","nowin"
"f","f","t","f","t","f","f","f","f","l","t","t","t","n","f","f","f","f","f","n","f","t","f","nowin"
"f","f","f","f","t","t","f","f","f","l","t","t","t","n","f","f","f","f","f","n","f","t","f","nowin"
"f","f","f","f","f","f","f","f","f","l","t","t","t","n","f","f","f","f","f","n","f","t","f","nowin"
"f","t","f","t","t","t","t","f","t","l","t","t","f","n","t","f","f","f","f","w","f","t","f","nowin"
"f","t","f","t","t","t","t","f","f","l","t","t","t","n","t","f","f","f","f","w","f","t","f","nowin"
"f","t","f","t","f","t","t","f","t","l","t","t","t","n","t","f","f","f","t","n","f","t","f","nowin"
"f","t","f","f","t","t","f","f","t","l","t","t","f","n","f","f","f","f","f","n","f","t","f","nowin"
"f","t","f","f","t","t","f","f","t","l","t","t","t","n","f","f","f","f","f","n","f","t","f","nowin"
"f","t","f","t","t","t","t","f","t","l","t","t","f","n","t","f","f","f","f","n","f","t","f","nowin"
"f","f","f","t","t","t","t","f","t","l","t","t","f","n","t","f","f","f","f","n","f","t","f","nowin"
"t","t","f","f","t","t","t","f","t","l","t","t","f","n","f","f","f","f","f","w","f","t","f","nowin"
"t","t","f","f","t","t","t","f","t","l","t","t","f","n","f","f","f","f","f","n","f","t","f","nowin"
"t","t","t","f","f","t","t","f","t","l","t","t","t","n","f","f","f","f","t","n","f","t","f","nowin"
"t","t","f","f","f","t","t","f","t","l","t","t","t","n","f","f","f","f","f","n","f","t","f","nowin"
"t","t","f","f","f","t","t","f","t","l","t","t","t","n","f","f","f","f","t","n","f","t","f","nowin"
"t","t","f","f","t","t","t","f","f","l","t","t","t","n","f","f","f","f","f","n","f","t","f","nowin"
"f","f","f","f","t","t","f","f","f","l","f","t","t","n","f","f","f","f","f","n","f","t","f","nowin"
"f","f","f","f","t","f","f","f","f","l","f","t","t","n","f","f","f","f","f","n","f","t","f","nowin"
"f","f","t","t","f","f","t","f","t","g","t","t","t","t","t","f","f","f","f","n","f","f","f","nowin"
"f","f","t","t","f","f","t","f","t","g","t","t","t","t","t","f","f","f","f","n","f","f","t","nowin"
"f","f","t","t","f","f","t","t","t","g","t","t","t","t","t","f","f","f","f","n","f","f","f","nowin"
"f","f","t","t","f","f","t","t","t","g","t","t","t","t","t","f","f","f","f","n","f","f","t","nowin"
"f","f","f","t","t","f","t","t","t","g","t","t","t","t","t","f","f","f","f","n","f","f","f","nowin"
"f","f","f","t","t","f","t","t","t","g","t","t","t","t","t","f","f","f","f","n","f","f","f","nowin"
"f","f","f","t","t","f","t","t","t","g","t","t","t","t","t","t","f","f","f","n","f","f","f","nowin"
"f","f","f","t","t","f","t","f","t","g","t","t","t","t","t","t","f","f","f","n","f","f","f","nowin"
"f","f","f","t","f","f","t","f","t","g","t","t","t","t","t","f","f","f","f","n","f","f","f","nowin"
"f","f","f","t","f","t","t","t","t","g","t","t","t","t","t","f","f","f","f","n","f","f","f","nowin"
"f","f","f","t","f","f","t","t","t","g","t","t","t","t","t","f","f","f","f","n","f","f","f","nowin"
"t","f","f","t","t","t","f","t","t","g","t","t","t","t","t","f","f","f","f","n","f","f","f","nowin"
"t","f","f","t","f","t","t","t","t","g","t","t","t","t","t","f","f","f","f","n","f","f","f","nowin"
"f","f","f","f","t","t","t","t","t","g","f","t","t","t","f","f","f","f","f","n","f","f","f","nowin"
"f","f","f","f","f","t","f","f","t","g","f","t","t","t","f","f","f","f","f","n","f","f","f","nowin"
"f","f","t","t","f","f","t","t","t","g","f","t","t","t","t","f","f","f","f","n","f","f","f","nowin"
"f","f","t","t","f","f","t","t","t","g","f","t","t","t","t","f","f","f","f","n","f","f","t","nowin"
"f","f","f","t","t","f","t","t","t","g","f","t","t","t","t","f","f","f","f","n","f","f","t","nowin"
"f","f","f","t","t","f","t","t","t","g","f","t","t","t","t","t","f","f","f","n","f","f","f","nowin"
"f","f","f","t","t","f","t","t","t","g","f","t","t","t","t","t","f","f","f","n","f","f","t","nowin"
"f","f","f","t","f","t","t","t","t","g","f","t","t","t","t","f","f","f","f","n","f","f","f","nowin"
"f","f","f","t","f","f","t","t","t","g","f","t","t","t","t","f","f","f","f","n","f","f","f","nowin"
"f","f","f","t","f","f","t","t","t","g","f","t","t","t","t","t","f","f","f","n","f","f","f","nowin"
"f","f","t","t","t","f","t","t","f","g","f","t","t","t","t","f","f","f","f","n","f","f","t","nowin"
"f","f","t","t","f","f","t","t","f","g","f","t","t","t","t","f","f","f","f","n","f","f","f","nowin"
"f","f","f","f","f","t","f","f","t","g","f","t","t","t","f","f","f","f","f","n","f","f","f","nowin"
"t","f","t","f","t","t","t","t","t","g","f","t","t","t","f","f","f","f","f","n","f","f","f","nowin"
"t","f","t","f","f","t","f","f","t","g","f","t","t","t","f","f","f","f","f","n","f","f","t","nowin"
"t","f","t","f","f","t","t","t","t","g","f","t","t","t","f","f","f","f","f","n","f","f","f","nowin"
"t","f","t","f","f","t","t","t","t","g","f","t","t","t","f","f","f","f","f","n","f","f","f","nowin"
"t","f","t","t","f","t","t","t","t","g","f","t","t","t","t","f","f","f","f","n","f","f","t","nowin"
"t","f","f","t","t","t","f","f","t","g","f","t","t","t","t","f","f","f","f","n","f","f","f","nowin"
"t","f","f","t","t","t","f","t","t","g","f","t","t","t","t","f","f","f","f","n","f","f","f","nowin"
"t","f","f","t","f","t","f","t","t","g","f","t","t","t","t","f","f","f","f","n","f","f","f","nowin"
"t","f","f","t","f","t","t","t","t","g","f","t","t","t","t","f","f","f","f","n","f","f","f","nowin"
"f","f","f","t","t","f","t","f","t","l","t","t","t","t","t","t","f","f","f","n","f","f","f","nowin"
"f","f","f","t","t","f","t","t","t","l","t","t","t","t","t","t","f","f","f","n","f","f","f","nowin"
"f","f","f","t","t","f","t","f","t","l","t","t","t","t","t","t","f","f","f","n","f","f","f","nowin"
"f","f","t","t","f","f","t","f","f","l","t","t","t","t","t","f","f","f","f","n","f","f","f","nowin"
"f","f","t","t","f","f","t","f","f","l","t","t","t","t","t","f","f","f","f","n","f","f","t","nowin"
"f","f","t","t","f","f","t","t","f","l","t","t","t","t","t","f","f","f","f","n","f","f","f","nowin"
"f","f","t","t","f","f","t","t","f","l","t","t","t","t","t","f","f","f","f","n","f","f","t","nowin"
"f","f","f","t","t","f","t","t","f","l","t","t","t","t","t","f","f","f","f","n","f","f","f","nowin"
"f","f","f","t","t","f","t","t","f","l","t","t","t","t","t","f","f","f","f","n","f","f","f","nowin"
"t","f","f","t","t","f","f","f","f","l","t","t","t","t","t","f","f","f","f","n","f","f","f","nowin"
"t","f","f","t","t","f","f","t","f","l","t","t","t","t","t","f","f","f","f","n","f","f","f","nowin"
"t","f","f","t","t","f","f","t","f","l","t","t","t","t","t","f","f","f","f","n","f","f","f","nowin"
"f","f","f","f","f","t","f","f","t","l","f","t","t","t","f","f","f","f","f","n","f","f","f","nowin"
"f","f","t","f","f","f","f","f","f","l","f","t","t","t","f","f","f","f","f","n","f","f","f","nowin"
"f","f","f","f","f","f","f","f","f","l","f","t","t","t","f","f","f","f","f","n","f","f","f","nowin"
"f","f","t","t","f","f","t","f","t","l","f","t","t","t","t","f","f","f","f","n","f","f","f","nowin"
"f","f","t","t","f","f","t","f","t","l","f","t","t","t","t","f","f","f","f","n","f","f","t","nowin"
"f","f","f","t","t","f","t","f","t","l","f","t","t","t","t","f","f","f","f","n","f","f","f","nowin"
"f","f","f","t","t","t","t","t","t","l","f","t","t","t","t","f","f","f","f","n","f","f","f","nowin"
"f","f","f","t","t","f","t","t","t","l","f","t","t","t","t","f","f","f","f","n","f","f","f","nowin"
"f","f","f","t","t","f","t","f","t","l","f","t","t","t","t","f","f","f","f","n","f","f","f","nowin"
"f","f","f","t","t","f","t","t","t","l","f","t","t","t","t","f","f","f","f","n","f","f","f","nowin"
"f","f","f","t","t","f","t","t","t","l","f","t","t","t","t","t","f","f","f","n","f","f","f","nowin"
"f","f","f","t","f","t","t","t","t","l","f","t","t","t","t","f","f","f","f","n","f","f","f","nowin"
"f","f","f","t","f","f","t","t","t","l","f","t","t","t","t","f","f","f","f","n","f","f","f","nowin"
"f","f","f","t","f","f","t","f","t","l","f","t","t","t","t","t","f","f","f","n","f","f","f","nowin"
"f","f","f","t","f","f","t","t","t","l","f","t","t","t","t","t","f","f","f","n","f","f","f","nowin"
"f","f","t","t","t","f","t","f","f","l","f","t","t","t","t","f","f","f","f","n","f","f","f","nowin"
"f","f","t","t","t","f","t","f","f","l","f","t","t","t","t","f","f","f","f","n","f","f","t","nowin"
"f","f","t","t","t","f","t","t","f","l","f","t","t","t","t","f","f","f","f","n","f","f","f","nowin"
"f","f","t","t","t","f","t","t","f","l","f","t","t","t","t","f","f","f","f","n","f","f","t","nowin"
"f","f","t","t","f","f","t","f","f","l","f","t","t","t","t","f","f","f","f","n","f","f","f","nowin"
"f","f","t","t","f","f","t","f","f","l","f","t","t","t","t","f","f","f","f","n","f","f","t","nowin"
"f","f","t","t","f","f","t","t","f","l","f","t","t","t","t","f","f","f","f","n","f","f","f","nowin"
"f","f","t","t","f","f","t","t","f","l","f","t","t","t","t","f","f","f","f","n","f","f","t","nowin"
"f","f","f","t","t","f","t","t","f","l","f","t","t","t","t","f","f","f","f","n","f","f","f","nowin"
"f","f","f","t","f","f","t","t","f","l","f","t","t","t","t","f","f","f","f","n","f","f","f","nowin"
"t","f","t","f","t","t","t","f","t","l","f","t","t","t","f","f","f","f","f","n","f","f","f","nowin"
"t","f","t","f","f","t","f","f","t","l","f","t","t","t","f","f","f","f","f","n","f","f","f","nowin"
"t","f","t","f","f","t","f","f","t","l","f","t","t","t","f","f","f","f","f","n","f","f","t","nowin"
"t","f","t","f","f","t","t","f","t","l","f","t","t","t","f","f","f","f","f","n","f","f","f","nowin"
"t","f","t","f","f","t","f","f","f","l","f","t","t","t","f","f","f","f","f","n","f","f","f","nowin"
"t","f","t","f","f","f","f","f","f","l","f","t","t","t","f","f","f","f","f","n","f","f","f","nowin"
"t","f","t","f","f","f","f","f","f","l","f","t","t","t","f","f","f","f","f","n","f","f","t","nowin"
"t","f","f","f","f","t","f","f","f","l","f","t","t","t","f","f","f","f","f","n","f","f","f","nowin"
"t","f","f","f","f","f","f","f","f","l","f","t","t","t","f","f","f","f","f","n","f","f","f","nowin"
"t","f","f","t","t","t","f","f","t","l","f","t","t","t","t","f","f","f","f","n","f","f","f","nowin"
"t","f","f","t","t","t","f","t","t","l","f","t","t","t","t","f","f","f","f","n","f","f","f","nowin"
"t","f","f","t","t","t","f","t","t","l","f","t","t","t","t","f","f","f","f","n","f","f","f","nowin"
"t","f","f","t","t","t","t","f","t","l","f","t","t","t","t","f","f","f","f","n","f","f","f","nowin"
"t","f","f","t","t","t","t","t","t","l","f","t","t","t","t","f","f","f","f","n","f","f","f","nowin"
"t","f","f","t","f","t","t","t","t","l","f","t","t","t","t","f","f","f","f","n","f","f","f","nowin"
"t","f","t","t","f","t","t","f","f","l","f","t","t","t","t","f","f","f","f","n","f","f","t","nowin"
"t","f","f","t","t","f","f","f","f","l","f","t","t","t","t","f","f","f","f","n","f","f","f","nowin"
"t","f","f","t","t","f","f","t","f","l","f","t","t","t","t","f","f","f","f","n","f","f","f","nowin"
"f","f","t","f","f","t","f","f","t","g","f","t","t","t","f","f","f","f","f","n","f","t","f","nowin"
"t","f","t","f","f","t","f","f","t","g","f","t","t","t","f","f","f","f","f","n","f","t","f","nowin"
"f","f","f","f","f","f","f","f","f","l","f","t","t","t","f","f","f","f","f","n","f","t","f","nowin"
"f","f","f","f","f","t","f","f","f","l","f","t","t","t","f","f","f","f","f","n","f","t","f","nowin"
"f","f","f","f","f","f","f","f","f","l","f","t","t","t","f","f","f","f","f","n","f","t","f","nowin"
"f","f","f","f","f","t","t","f","t","g","t","t","f","n","f","f","f","f","t","n","f","f","f","nowin"
"f","f","f","f","f","t","t","f","t","l","t","t","f","n","f","f","f","f","t","n","f","f","f","nowin"
"f","f","f","f","f","t","t","f","t","g","t","t","f","n","f","f","f","f","t","n","f","t","f","nowin"
"f","f","f","f","f","t","t","f","t","l","t","t","f","n","f","f","f","f","t","n","f","t","f","nowin"
"f","t","t","t","f","t","f","t","t","g","t","f","f","n","f","t","f","f","f","b","f","f","f","nowin"
"f","t","f","f","f","t","f","t","t","g","t","f","f","n","f","f","f","f","f","b","f","f","t","nowin"
"f","t","f","t","f","t","f","t","t","g","t","f","f","n","f","t","f","f","f","b","f","f","f","nowin"
"f","f","f","f","f","t","f","f","t","g","t","f","f","n","f","f","f","t","f","b","f","f","f","nowin"
"f","t","t","t","f","t","f","t","t","g","t","f","t","n","f","t","f","f","f","b","f","f","f","nowin"
"f","t","t","t","f","t","t","t","t","g","t","f","t","n","f","t","f","f","f","b","f","f","f","nowin"
"f","f","t","f","f","t","f","f","t","g","t","f","f","n","f","f","f","t","f","n","f","f","f","nowin"
"f","f","t","f","f","t","f","f","t","g","t","f","f","n","f","f","f","f","f","n","f","f","f","nowin"
"f","f","t","t","f","t","f","f","t","g","t","f","f","n","f","t","f","f","f","n","f","f","f","nowin"
"f","f","f","t","f","t","f","f","t","g","t","f","f","n","f","t","f","f","f","n","f","f","f","nowin"
"f","f","f","t","f","t","t","f","t","g","t","f","f","n","f","t","f","f","f","n","f","f","f","nowin"
"f","f","t","f","f","t","f","f","t","g","t","f","f","n","f","f","f","f","f","b","t","f","f","nowin"
"f","f","t","f","f","t","f","f","t","g","t","f","f","n","f","f","f","f","f","b","t","f","f","nowin"
"f","f","f","f","f","t","f","f","t","g","t","f","f","n","f","f","f","f","f","b","t","f","f","nowin"
"f","f","t","f","f","t","f","f","t","g","t","f","f","n","f","f","f","f","f","n","t","f","f","nowin"
"f","f","t","f","f","t","f","f","t","g","t","f","f","n","f","f","f","f","f","n","t","f","f","nowin"
"f","t","t","t","f","t","t","t","t","g","t","f","t","n","t","f","f","f","f","b","f","f","f","nowin"
"f","t","t","t","f","t","t","t","t","g","t","f","t","n","t","t","f","f","f","b","f","f","f","nowin"
"f","t","f","t","f","t","t","t","t","g","t","f","t","n","t","f","f","f","f","b","f","f","f","nowin"
"f","t","f","t","f","t","t","t","t","g","t","f","t","n","t","t","f","f","f","b","f","f","f","nowin"
"f","t","t","t","f","t","t","t","t","g","t","f","f","n","t","f","f","f","f","n","f","f","f","nowin"
"f","t","f","t","f","t","t","f","t","g","t","f","f","n","t","t","f","f","f","n","f","f","f","nowin"
"f","f","f","t","t","t","t","t","t","g","t","f","t","n","t","t","f","f","f","n","f","f","f","nowin"
"f","t","f","f","f","t","f","f","t","g","t","f","t","n","f","f","f","f","f","b","f","f","f","nowin"
"f","f","f","t","f","t","t","f","t","g","t","f","f","n","t","f","f","f","f","n","f","f","f","nowin"
"f","f","f","t","f","t","t","f","t","g","t","f","f","n","t","t","f","f","f","n","f","f","f","nowin"
"f","t","t","f","f","f","f","f","t","g","t","f","f","n","f","f","f","f","f","b","t","f","f","nowin"
"f","t","t","f","f","f","f","f","t","g","t","f","f","n","f","f","f","f","f","b","t","f","f","nowin"
"f","t","f","f","f","f","f","f","t","g","t","f","f","n","f","f","f","f","f","b","t","f","t","nowin"
"f","t","f","f","f","f","f","f","t","g","t","f","f","n","f","f","f","f","f","b","t","f","t","nowin"
"f","t","t","f","f","f","f","f","t","g","t","f","f","n","f","f","f","f","f","n","t","f","f","nowin"
"f","t","t","f","f","f","f","f","t","g","t","f","f","n","f","f","f","f","f","n","t","f","f","nowin"
"f","t","f","f","f","f","f","f","t","g","t","f","f","n","f","f","f","f","f","n","t","f","t","nowin"
"f","t","f","f","f","f","f","f","t","g","t","f","f","n","f","f","f","f","f","n","t","f","t","nowin"
"t","f","t","f","t","f","t","t","t","g","t","f","t","n","f","f","f","f","f","n","f","f","f","nowin"
"t","f","f","f","t","f","f","t","t","g","t","f","t","n","f","f","f","f","f","n","f","f","t","nowin"
"t","t","t","f","t","f","f","f","t","g","t","f","t","n","f","f","f","f","f","b","t","f","f","nowin"
"t","t","t","f","t","f","f","f","t","g","t","f","t","n","f","f","f","f","f","b","t","f","t","nowin"
"t","t","t","f","t","f","t","f","t","g","t","f","t","n","f","f","f","f","f","b","t","f","f","nowin"
"t","t","t","f","t","f","t","f","t","g","t","f","f","n","f","f","f","f","f","n","t","f","f","nowin"
"t","t","t","f","t","f","t","f","t","g","t","f","t","n","f","f","f","f","f","n","t","f","f","nowin"
"t","f","t","f","t","f","f","t","f","g","t","f","t","n","f","f","f","f","f","n","f","f","t","nowin"
"t","f","t","t","t","f","t","t","t","g","t","f","t","n","t","f","f","f","f","n","f","f","t","nowin"
"t","f","f","t","t","t","t","t","t","g","t","f","t","n","t","t","f","f","f","n","f","f","f","nowin"
"t","t","t","t","t","f","t","t","t","g","t","f","t","n","t","f","f","f","f","b","t","f","t","nowin"
"t","t","t","t","t","f","t","t","t","g","t","f","f","n","t","f","f","f","f","n","t","f","t","nowin"
"t","t","t","t","t","f","t","t","t","g","t","f","t","n","t","f","f","f","f","n","t","f","t","nowin"
"f","f","t","f","t","t","f","f","t","g","f","f","t","n","f","f","f","f","f","n","f","f","f","nowin"
"f","f","f","t","t","t","f","f","t","g","f","f","t","n","f","t","f","f","f","n","f","f","f","nowin"
"f","f","t","t","t","t","t","t","t","g","f","f","t","n","t","f","f","f","f","n","f","f","f","nowin"
"f","f","f","t","t","t","t","t","t","g","f","f","t","n","t","t","f","f","f","n","f","f","f","nowin"
"f","f","f","f","t","t","f","f","t","g","f","f","t","n","f","f","f","f","f","n","f","f","f","nowin"
"t","f","t","f","t","f","t","t","t","g","f","f","t","n","f","f","f","f","f","n","f","f","f","nowin"
"t","f","t","t","t","t","t","t","t","g","f","f","t","n","f","t","f","f","f","n","f","f","f","nowin"
"t","f","f","f","t","f","f","t","t","g","f","f","t","n","f","f","f","f","f","n","f","f","t","nowin"
"t","f","t","f","t","f","f","t","f","g","f","f","t","n","f","f","f","f","f","n","f","f","t","nowin"
"t","f","t","t","t","t","t","t","t","g","f","f","t","n","t","f","f","f","f","n","f","f","f","nowin"
"t","f","t","t","t","f","t","t","t","g","f","f","t","n","t","f","f","f","f","n","f","f","t","nowin"
"t","f","f","t","t","f","t","t","t","g","f","f","t","n","t","f","f","f","f","n","f","f","f","nowin"
"t","f","f","t","t","t","t","t","t","g","f","f","t","n","t","t","f","f","f","n","f","f","f","nowin"
"t","f","t","t","t","f","t","t","f","g","f","f","t","n","t","f","f","f","f","n","f","f","f","nowin"
"f","t","t","t","f","t","f","t","t","l","t","f","f","n","f","t","f","f","f","b","f","f","f","nowin"
"f","t","t","t","f","t","f","t","t","l","t","f","f","n","f","t","f","f","t","b","f","f","f","nowin"
"f","t","f","f","f","t","f","t","t","l","t","f","f","n","f","f","f","f","t","b","f","f","t","nowin"
"f","t","f","t","f","t","f","t","t","l","t","f","f","n","f","t","f","f","t","b","f","f","f","nowin"
"f","f","t","f","f","t","f","t","t","l","t","f","f","n","f","f","f","f","f","b","f","f","f","nowin"
"f","f","t","t","f","t","f","t","t","l","t","f","f","n","f","t","f","f","f","b","f","f","f","nowin"
"f","f","t","t","f","t","f","t","t","l","t","f","f","n","f","t","f","f","t","b","f","f","f","nowin"
"f","f","f","f","f","t","f","f","t","l","t","f","f","n","f","f","f","t","f","b","f","f","f","nowin"
"f","f","f","t","f","t","f","t","t","l","t","f","f","n","f","t","f","f","f","b","f","f","f","nowin"
"f","f","f","t","f","t","f","t","t","l","t","f","f","n","f","t","f","f","t","b","f","f","f","nowin"
"f","t","t","f","t","t","f","f","t","l","t","f","f","n","f","f","f","t","t","n","f","f","f","nowin"
"f","t","t","f","t","t","f","f","t","l","t","f","f","n","f","f","f","t","t","n","f","f","f","nowin"
"f","t","t","t","f","t","f","t","t","l","t","f","f","n","f","t","f","f","t","n","f","f","f","nowin"
"f","t","t","t","f","t","f","f","t","l","t","f","f","n","f","t","f","t","t","n","f","f","f","nowin"
"f","t","t","t","f","t","f","t","t","l","t","f","f","n","f","t","f","t","t","n","f","f","f","nowin"
"f","t","f","f","t","t","f","f","t","l","t","f","f","n","f","f","f","t","t","n","f","f","f","nowin"
"f","t","f","f","t","t","f","f","t","l","t","f","f","n","f","f","f","t","t","n","f","f","f","nowin"
"f","t","f","f","t","t","f","f","t","l","t","f","f","n","f","f","f","t","f","n","f","f","f","nowin"
"f","t","f","f","t","t","t","t","t","l","t","f","f","n","f","f","f","t","t","n","f","f","f","nowin"
"f","t","f","f","f","t","f","f","t","l","t","f","f","n","f","f","f","t","t","n","f","f","f","nowin"
"f","t","f","t","t","t","f","f","t","l","t","f","f","n","f","t","f","t","t","n","f","f","f","nowin"
"f","t","f","t","f","t","f","f","t","l","t","f","f","n","f","t","f","t","t","n","f","f","f","nowin"
"f","t","f","t","f","t","f","t","t","l","t","f","f","n","f","t","f","t","t","n","f","f","f","nowin"
"f","f","t","t","f","t","f","t","t","l","t","f","f","n","f","t","f","f","f","n","f","f","f","nowin"
"f","f","t","t","f","t","t","f","t","l","t","f","f","n","f","t","f","f","t","n","f","f","f","nowin"
"f","f","f","f","f","f","f","f","t","l","t","f","f","n","f","f","f","t","f","n","f","f","f","nowin"
"f","f","f","f","f","t","f","f","t","l","t","f","f","n","f","f","f","t","f","n","f","f","f","nowin"
"f","f","f","f","f","f","f","f","t","l","t","f","f","n","f","f","f","f","f","b","t","f","f","nowin"
"f","f","f","t","f","f","f","t","t","l","t","f","f","n","f","t","f","f","f","b","t","f","f","nowin"
"f","f","t","f","f","t","f","f","t","l","t","f","f","n","f","f","f","t","f","n","t","f","f","nowin"
"f","f","t","f","f","t","f","f","t","l","t","f","f","n","f","f","f","t","f","w","t","f","f","nowin"
"f","f","t","f","f","t","t","f","t","l","t","f","f","n","f","f","f","f","t","n","t","f","f","nowin"
"f","f","f","f","f","f","f","f","t","l","t","f","f","n","f","f","f","f","f","n","t","f","f","nowin"
"f","f","f","f","f","t","f","f","t","l","t","f","f","n","f","f","f","t","f","n","t","f","f","nowin"
"f","f","f","f","f","t","f","f","t","l","t","f","f","n","f","f","f","t","f","w","t","f","f","nowin"
"f","f","f","t","f","f","f","t","t","l","t","f","f","n","f","t","f","f","f","n","t","f","f","nowin"
"f","t","t","f","t","t","f","f","f","l","t","f","f","n","f","f","f","t","t","n","f","f","f","nowin"
"f","t","t","f","t","f","f","f","f","l","t","f","f","n","f","f","f","t","f","n","f","f","f","nowin"
"f","t","t","f","t","t","f","f","f","l","t","f","f","n","f","f","f","t","f","n","f","f","f","nowin"
"f","t","t","f","t","f","f","f","f","l","t","f","f","n","f","f","f","t","f","n","f","f","f","nowin"
"f","t","t","f","t","f","f","f","f","l","t","f","f","n","f","f","f","t","f","n","f","f","f","nowin"
"f","t","t","f","f","f","f","f","f","l","t","f","f","n","f","f","f","t","f","n","f","f","f","nowin"
"f","t","t","f","f","f","f","f","f","l","t","f","f","n","f","f","f","t","t","n","f","f","f","nowin"
"f","t","t","f","f","f","f","f","f","l","t","f","f","n","f","f","f","t","f","n","f","f","f","nowin"
"f","t","f","f","t","t","f","f","f","l","t","f","f","n","f","f","f","f","t","n","f","f","f","nowin"
"f","t","f","f","t","f","f","f","f","l","t","f","f","n","f","f","f","t","f","n","f","f","f","nowin"
"f","t","f","f","t","f","f","f","f","l","t","f","f","n","f","f","f","t","t","n","f","f","f","nowin"
"f","t","f","f","t","t","f","f","f","l","t","f","f","n","f","f","f","t","t","n","f","f","f","nowin"
"f","t","f","f","t","f","t","t","f","l","t","f","f","n","f","f","f","t","f","n","f","f","f","nowin"
"f","t","f","f","t","f","t","t","f","l","t","f","f","n","f","f","f","t","t","n","f","f","f","nowin"
"f","t","f","f","f","f","f","t","f","l","t","f","f","n","f","f","f","f","t","n","f","f","t","nowin"
"f","t","f","f","f","f","f","f","f","l","t","f","f","n","f","f","f","t","t","n","f","f","f","nowin"
"f","t","f","f","f","f","f","t","f","l","t","f","f","n","f","f","f","t","t","n","f","f","f","nowin"
"f","t","f","f","f","f","f","t","f","l","t","f","f","n","f","f","f","t","t","n","f","f","t","nowin"
"f","t","f","t","t","t","f","f","f","l","t","f","f","n","f","t","f","t","t","n","f","f","f","nowin"
"f","f","t","f","f","f","f","f","f","l","t","f","f","n","f","f","f","t","f","n","f","f","f","nowin"
"f","f","t","f","f","t","f","f","f","l","t","f","f","n","f","f","f","t","f","n","f","f","f","nowin"
"f","f","t","f","f","f","f","f","f","l","t","f","f","n","f","f","f","t","f","n","f","f","f","nowin"
"f","f","t","t","f","t","f","t","f","l","t","f","f","n","f","t","f","f","t","n","f","f","f","nowin"
"f","f","t","t","f","t","f","f","f","l","t","f","f","n","f","t","f","t","t","n","f","f","f","nowin"
"f","f","t","t","f","t","f","t","f","l","t","f","f","n","f","t","f","t","t","n","f","f","f","nowin"
"f","f","f","t","f","t","f","f","f","l","t","f","f","n","f","t","f","f","t","n","f","f","f","nowin"
"f","f","f","t","f","t","f","t","f","l","t","f","f","n","f","t","f","f","t","n","f","f","f","nowin"
"f","f","f","t","f","t","f","f","f","l","t","f","f","n","f","t","f","t","t","n","f","f","f","nowin"
"f","f","f","t","f","t","f","t","f","l","t","f","f","n","f","t","f","t","t","n","f","f","f","nowin"
"f","f","t","f","f","f","f","f","f","l","t","f","f","n","f","f","f","f","f","b","t","f","f","nowin"
"f","f","t","f","f","f","f","f","f","l","t","f","f","n","f","f","f","f","f","b","t","f","f","nowin"
"f","f","t","t","f","f","f","t","f","l","t","f","f","n","f","t","f","f","f","b","t","f","f","nowin"
"f","f","t","t","f","f","f","t","f","l","t","f","f","n","f","t","f","f","f","b","t","f","f","nowin"
"f","t","f","t","t","t","t","f","t","l","t","f","f","n","t","f","f","f","t","n","f","f","f","nowin"
"f","t","f","t","t","t","t","f","t","l","t","f","f","n","t","f","f","t","t","n","f","f","f","nowin"
"f","t","f","t","t","t","t","f","t","l","t","f","f","n","t","t","f","f","t","n","f","f","f","nowin"
"f","t","f","t","t","t","t","f","t","l","t","f","f","n","t","t","f","t","t","n","f","f","f","nowin"
"f","t","f","t","f","t","t","f","t","l","t","f","f","n","t","t","f","f","t","n","f","f","f","nowin"
"f","f","t","t","f","t","t","f","t","l","t","f","f","n","t","f","f","f","f","w","t","f","f","nowin"
"f","t","t","t","t","f","t","t","f","l","t","f","f","n","t","f","f","f","f","n","f","f","f","nowin"
"f","t","t","t","f","f","t","t","f","l","t","f","f","n","t","f","f","f","f","n","f","f","f","nowin"
"f","t","f","t","t","f","t","f","f","l","t","f","f","n","t","f","f","t","f","n","f","f","f","nowin"
"f","t","f","f","t","t","f","f","t","l","t","f","f","n","f","f","f","f","f","n","f","f","f","nowin"
"f","f","f","t","f","t","t","f","t","l","t","f","f","n","t","f","f","t","t","n","f","f","f","nowin"
"f","f","f","t","f","t","t","f","t","l","t","f","f","n","t","t","f","t","t","n","f","f","f","nowin"
"f","f","f","t","f","f","t","f","f","l","t","f","f","n","t","f","f","t","t","n","f","f","f","nowin"
"f","f","t","f","f","f","f","f","t","l","t","f","f","n","f","f","f","f","f","b","t","f","f","nowin"
"f","f","t","f","f","f","f","f","t","l","t","f","f","n","f","f","f","f","f","n","t","f","f","nowin"
"f","f","t","f","f","f","f","f","t","l","t","f","f","n","f","f","f","f","t","n","t","f","t","nowin"
"f","f","f","f","f","f","f","f","t","l","t","f","f","n","f","f","f","f","t","n","t","f","t","nowin"
"f","t","t","f","f","t","f","f","t","l","t","f","f","n","f","f","f","f","f","b","t","f","f","nowin"
"t","t","t","f","t","t","t","f","t","l","t","f","f","n","f","f","f","t","t","n","f","f","f","nowin"
"t","t","f","f","t","t","f","f","t","l","t","f","f","n","f","f","f","t","t","n","f","f","t","nowin"
"t","t","f","f","t","t","f","f","t","l","t","f","f","n","f","f","f","t","t","n","f","f","t","nowin"
"t","t","f","f","t","f","f","f","t","l","t","f","f","n","f","f","f","t","f","n","f","f","f","nowin"
"t","t","f","f","t","t","f","f","t","l","t","f","f","n","f","f","f","t","f","n","f","f","f","nowin"
"t","t","f","f","t","f","f","f","t","l","t","f","f","n","f","f","f","t","t","n","f","f","f","nowin"
"t","t","f","f","t","f","f","f","t","l","t","f","f","n","f","f","f","t","t","n","f","f","f","nowin"
"t","t","f","f","t","f","f","f","t","l","t","f","f","n","f","f","f","t","t","n","f","f","t","nowin"
"t","t","f","f","t","f","f","f","t","l","t","f","f","n","f","f","f","t","t","n","f","f","t","nowin"
"t","t","f","f","t","t","t","t","t","l","t","f","f","n","f","f","f","t","t","n","f","f","f","nowin"
"t","t","f","f","t","f","t","t","t","l","t","f","f","n","f","f","f","f","f","n","f","f","f","nowin"
"t","t","f","f","t","f","t","f","t","l","t","f","f","n","f","f","f","t","t","n","f","f","f","nowin"
"t","t","f","f","t","f","t","t","t","l","t","f","f","n","f","f","f","t","t","n","f","f","f","nowin"
"t","t","f","t","t","t","t","f","t","l","t","f","f","n","f","t","f","t","t","n","f","f","f","nowin"
"t","t","t","f","t","f","f","f","t","l","t","f","t","n","f","f","f","t","f","b","t","f","t","nowin"
"t","t","t","f","t","f","f","f","t","l","t","f","t","n","f","f","f","t","f","b","t","f","f","nowin"
"t","t","t","f","t","f","t","f","t","l","t","f","t","n","f","f","f","f","f","b","t","f","f","nowin"
"t","t","f","f","t","f","f","f","t","l","t","f","t","n","f","f","f","t","f","b","t","f","t","nowin"
"t","t","f","t","t","t","t","t","t","l","t","f","f","n","f","t","f","f","f","n","t","f","f","nowin"
"t","t","t","f","t","f","f","f","t","l","t","f","t","n","f","f","f","t","f","n","t","f","t","nowin"
"t","t","t","f","t","f","f","f","t","l","t","f","t","n","f","f","f","t","f","n","t","f","f","nowin"
"t","t","t","f","t","f","t","f","t","l","t","f","t","n","f","f","f","f","f","n","t","f","f","nowin"
"t","t","f","f","t","f","f","f","t","l","t","f","t","n","f","f","f","t","f","n","t","f","t","nowin"
"t","t","t","f","t","f","f","f","f","l","t","f","f","n","f","f","f","t","f","n","f","f","f","nowin"
"t","t","t","f","t","f","f","f","f","l","t","f","f","n","f","f","f","t","f","n","f","f","f","nowin"
"t","t","t","f","t","f","f","f","f","l","t","f","f","n","f","f","f","t","f","n","f","f","t","nowin"
"t","t","t","f","t","f","f","f","f","l","t","f","f","n","f","f","f","t","f","n","f","f","f","nowin"
"t","t","t","f","t","f","f","f","f","l","t","f","f","n","f","f","f","t","f","n","f","f","f","nowin"
"t","t","t","f","t","f","f","f","f","l","t","f","f","n","f","f","f","t","f","n","f","f","t","nowin"
"t","t","t","f","t","f","f","f","f","l","t","f","f","n","f","f","f","t","f","n","f","f","t","nowin"
"t","t","t","f","t","f","t","f","f","l","t","f","f","n","f","f","f","t","f","n","f","f","f","nowin"
"t","t","t","f","t","f","t","t","f","l","t","f","f","n","f","f","f","t","f","n","f","f","f","nowin"
"t","t","t","f","t","f","t","t","f","l","t","f","f","n","f","f","f","f","f","n","f","f","f","nowin"
"t","t","t","f","t","f","t","f","f","l","t","f","f","n","f","f","f","t","f","n","f","f","f","nowin"
"t","t","t","f","t","f","t","t","f","l","t","f","f","n","f","f","f","t","f","n","f","f","f","nowin"
"t","t","f","f","t","t","f","f","f","l","t","f","f","n","f","f","f","t","t","n","f","f","f","nowin"
"t","t","f","f","t","t","f","f","f","l","t","f","f","n","f","f","f","t","t","n","f","f","t","nowin"
"t","t","f","f","t","f","t","t","f","l","t","f","f","n","f","f","f","t","t","n","f","f","f","nowin"
"t","t","f","t","t","f","t","f","f","l","t","f","f","n","f","t","f","t","t","n","f","f","f","nowin"
"t","f","t","f","t","f","t","t","f","l","t","f","t","n","f","f","f","f","f","n","f","f","f","nowin"
"t","t","t","f","t","f","f","f","f","l","t","f","f","n","f","f","f","t","f","n","t","f","f","nowin"
"t","t","t","f","t","f","f","f","f","l","t","f","f","n","f","f","f","t","f","n","t","f","t","nowin"
"t","t","t","f","t","f","t","f","f","l","t","f","f","n","f","f","f","f","f","n","t","f","f","nowin"
"t","t","t","f","t","f","t","f","f","l","t","f","f","n","f","f","f","f","f","w","t","f","f","nowin"
"t","t","t","f","t","f","f","f","f","l","t","f","t","n","f","f","f","t","f","n","t","f","f","nowin"
"t","t","t","f","t","f","f","f","f","l","t","f","t","n","f","f","f","t","f","n","t","f","t","nowin"
"t","t","t","f","t","f","t","f","f","l","t","f","t","n","f","f","f","f","f","n","t","f","f","nowin"
"t","t","t","f","t","f","t","f","f","l","t","f","t","n","f","f","f","f","f","w","t","f","f","nowin"
"t","t","f","t","t","f","t","f","t","l","t","f","f","n","t","f","f","f","f","n","f","f","f","nowin"
"t","t","f","t","t","f","t","f","t","l","t","f","f","n","t","f","f","f","t","n","f","f","f","nowin"
"t","t","f","t","t","f","t","f","t","l","t","f","f","n","t","f","f","t","t","n","f","f","f","nowin"
"t","t","f","t","t","f","t","f","t","l","t","f","f","n","t","f","f","t","t","n","f","f","t","nowin"
"t","t","f","t","t","t","t","f","t","l","t","f","f","n","t","t","f","f","f","n","f","f","f","nowin"
"t","t","f","t","t","t","t","f","t","l","t","f","f","n","t","t","f","f","t","n","f","f","f","nowin"
"t","t","f","t","t","t","t","f","t","l","t","f","f","n","t","t","f","t","t","n","f","f","f","nowin"
"t","t","f","t","t","t","t","f","t","l","t","f","f","n","t","t","f","t","t","n","f","f","t","nowin"
"t","f","t","t","t","f","t","t","t","l","t","f","t","n","t","f","f","f","f","n","f","f","t","nowin"
"t","t","t","t","t","f","t","t","t","l","t","f","t","n","t","f","f","f","f","b","t","f","t","nowin"
"t","t","f","t","t","t","t","t","t","l","t","f","f","n","t","f","f","f","f","n","t","f","f","nowin"
"t","t","t","t","t","f","t","t","t","l","t","f","t","n","t","f","f","f","f","n","t","f","t","nowin"
"t","t","t","t","t","f","t","f","f","l","t","f","f","n","t","f","f","f","f","n","f","f","f","nowin"
"t","t","t","t","t","f","t","f","f","l","t","f","f","n","t","f","f","t","f","n","f","f","f","nowin"
"t","t","t","t","t","f","t","f","f","l","t","f","f","n","t","f","f","t","f","n","f","f","t","nowin"
"t","f","t","t","t","f","t","t","f","l","t","f","t","n","t","f","f","f","f","n","f","f","f","nowin"
"t","f","t","t","t","f","t","t","f","l","t","f","t","n","t","f","f","f","f","n","f","f","t","nowin"
"t","t","t","t","t","f","t","t","f","l","t","f","f","n","t","f","f","f","f","n","t","f","t","nowin"
"t","t","t","t","t","f","t","t","f","l","t","f","f","n","t","f","f","f","f","w","t","f","t","nowin"
"t","t","f","t","t","f","t","t","f","l","t","f","f","n","t","f","f","f","f","n","t","f","f","nowin"
"t","t","t","t","t","f","t","t","f","l","t","f","t","n","t","f","f","f","f","n","t","f","t","nowin"
"t","t","t","t","t","f","t","t","f","l","t","f","t","n","t","f","f","f","f","w","t","f","t","nowin"
"t","t","f","f","t","t","f","f","t","l","t","f","f","n","f","f","f","f","f","n","t","f","f","nowin"
"t","t","f","f","t","t","f","f","t","l","t","f","f","n","f","f","f","f","f","n","t","f","f","nowin"
"f","f","f","t","t","t","t","t","t","l","f","f","t","n","t","t","f","f","f","n","f","f","f","nowin"
"f","f","t","t","t","f","t","t","f","l","f","f","t","n","t","f","f","f","f","n","f","f","f","nowin"
"f","f","f","t","t","f","t","t","f","l","f","f","t","n","t","f","f","f","f","n","f","f","f","nowin"
"t","f","f","f","t","f","f","f","t","l","f","f","t","n","f","f","f","f","f","n","f","f","f","nowin"
"t","f","f","f","t","f","f","t","t","l","f","f","t","n","f","f","f","f","f","n","f","f","t","nowin"
"t","f","t","f","t","f","f","f","f","l","f","f","t","n","f","f","f","f","f","n","f","f","f","nowin"
"t","f","t","f","t","f","f","t","f","l","f","f","t","n","f","f","f","f","f","n","f","f","t","nowin"
"t","f","t","t","t","f","t","f","f","l","f","f","t","n","f","t","f","f","f","n","f","f","f","nowin"
"t","f","t","t","t","f","t","t","f","l","f","f","t","n","f","t","f","f","f","n","f","f","f","nowin"
"t","f","f","t","t","f","t","f","t","l","f","f","t","n","t","f","f","f","f","n","f","f","f","nowin"
"t","f","f","t","t","f","t","t","t","l","f","f","t","n","t","f","f","f","f","n","f","f","f","nowin"
"t","f","f","t","t","t","t","t","t","l","f","f","t","n","t","t","f","f","f","n","f","f","f","nowin"
"t","f","t","t","t","f","t","t","f","l","f","f","t","n","t","f","f","f","f","n","f","f","f","nowin"
"t","f","f","t","t","f","t","t","f","l","f","f","t","n","t","f","f","f","f","n","f","f","f","nowin"
"f","t","t","f","f","t","f","f","t","g","t","f","f","n","f","f","f","f","f","n","f","t","f","nowin"
"f","t","f","f","f","t","f","f","t","g","t","f","f","n","f","f","f","f","f","n","f","t","f","nowin"
"f","t","f","t","f","t","f","f","t","g","t","f","f","n","f","t","f","f","f","n","f","t","f","nowin"
"f","t","f","t","f","t","t","f","t","g","t","f","f","n","t","f","f","f","f","n","f","t","f","nowin"
"f","t","f","t","f","t","t","f","t","g","t","f","f","n","t","t","f","f","f","n","f","t","f","nowin"
"f","f","t","t","f","t","t","f","t","g","t","f","f","n","t","f","f","f","f","n","f","t","f","nowin"
"f","f","f","t","f","t","t","f","t","g","t","f","f","n","t","f","f","f","f","n","f","t","f","nowin"
"f","f","f","t","f","t","t","f","t","g","t","f","f","n","t","t","f","f","f","n","f","t","f","nowin"
"f","f","f","t","t","t","f","f","t","g","f","f","t","n","f","t","f","f","f","n","f","t","f","nowin"
"t","f","f","t","t","t","f","f","t","g","f","f","t","n","f","t","f","f","f","n","f","t","f","nowin"
"f","t","t","t","t","t","f","f","t","l","t","f","f","n","f","t","f","t","f","n","f","t","f","nowin"
"f","t","t","t","t","t","f","f","t","l","t","f","f","n","f","t","f","t","t","n","f","t","f","nowin"
"f","t","t","f","t","f","f","f","f","l","t","f","f","n","f","f","f","t","f","n","f","t","f","nowin"
"f","t","t","f","t","f","f","f","f","l","t","f","f","n","f","f","f","t","t","n","f","t","f","nowin"
"f","t","t","t","t","t","t","f","t","l","t","f","f","n","t","t","f","t","t","n","f","t","f","nowin"
"f","t","f","f","f","t","f","f","t","l","t","f","f","n","f","f","f","t","f","n","f","t","f","nowin"
"f","t","f","f","f","t","f","f","t","l","t","f","f","n","f","f","f","t","t","n","f","t","f","nowin"
"f","t","f","t","f","t","f","f","t","l","t","f","f","n","f","t","f","t","f","n","f","t","f","nowin"
"f","t","f","t","f","t","f","f","t","l","t","f","f","n","f","t","f","t","t","n","f","t","f","nowin"
"f","t","t","f","f","f","f","f","f","l","t","f","f","n","f","f","f","f","f","n","f","t","f","nowin"
"f","t","t","f","f","f","f","f","f","l","t","f","f","n","f","f","f","t","t","n","f","t","f","nowin"
"f","t","f","f","f","f","f","f","f","l","t","f","f","n","f","f","f","t","t","n","f","t","f","nowin"
"f","t","f","t","f","t","t","f","t","l","t","f","f","n","t","f","f","f","t","n","f","t","f","nowin"
"f","t","f","t","f","t","t","f","t","l","t","f","f","n","t","t","f","f","t","n","f","t","f","nowin"
"f","f","f","t","f","f","t","f","t","l","t","f","f","n","t","f","f","t","t","n","f","t","f","nowin"
"f","f","f","t","f","t","t","f","t","l","t","f","f","n","t","t","f","t","t","n","f","t","f","nowin"
"f","t","f","t","f","f","t","f","f","l","t","f","f","n","t","f","f","f","t","n","f","t","f","nowin"
"f","f","t","t","f","f","t","f","f","l","t","f","f","n","t","f","f","t","t","n","f","t","f","nowin"
"f","f","t","t","f","f","t","f","t","l","t","f","f","n","t","f","f","f","t","n","t","t","t","nowin"
"t","t","t","t","t","t","t","f","t","l","t","f","f","n","f","t","f","t","t","n","f","t","f","nowin"
"t","t","t","f","t","f","t","f","f","l","t","f","f","n","f","f","f","f","t","n","f","t","f","nowin"
"f","f","f","f","t","t","t","t","t","g","t","f","t","t","f","f","f","f","f","n","f","f","f","nowin"
"f","f","t","t","t","t","t","t","t","g","t","f","t","t","t","f","f","f","f","n","f","f","f","nowin"
"f","f","f","t","t","t","t","t","t","g","t","f","t","t","t","t","f","f","f","n","f","f","f","nowin"
"t","f","f","f","t","f","f","t","t","g","t","f","t","t","f","f","f","f","f","n","f","f","t","nowin"
"t","f","f","f","t","t","f","t","t","g","t","f","t","t","f","f","f","f","f","n","f","f","t","nowin"
"t","f","f","f","t","f","f","t","t","g","t","f","t","t","f","f","f","f","f","n","f","f","t","nowin"
"t","f","f","f","t","f","f","t","t","g","t","f","t","t","f","f","f","f","f","n","f","f","t","nowin"
"t","f","f","t","t","f","f","f","t","g","t","f","t","t","f","t","f","f","f","n","f","f","f","nowin"
"t","f","f","t","t","t","t","t","t","g","t","f","t","t","f","t","f","f","f","n","f","f","f","nowin"
"t","f","t","f","t","f","f","t","f","g","t","f","t","t","f","f","f","f","f","n","f","f","t","nowin"
"t","f","t","f","t","f","f","t","f","g","t","f","t","t","f","f","f","f","f","n","f","f","t","nowin"
"t","f","t","f","t","f","f","t","f","g","t","f","t","t","f","f","f","f","f","n","f","f","t","nowin"
"t","f","t","t","t","f","f","f","f","g","t","f","t","t","f","t","f","f","f","n","f","f","f","nowin"
"t","f","f","t","t","f","t","t","t","g","t","f","t","t","t","f","f","f","f","n","f","f","f","nowin"
"t","f","f","t","t","t","t","f","t","g","t","f","t","t","t","t","f","f","f","n","f","f","f","nowin"
"t","f","f","t","t","t","t","t","t","g","t","f","t","t","t","t","f","f","f","n","f","f","f","nowin"
"f","f","t","f","t","t","f","f","t","g","f","f","t","t","f","f","f","f","f","n","f","f","f","nowin"
"f","f","t","f","t","t","f","t","t","g","f","f","t","t","f","f","f","f","f","n","f","f","f","nowin"
"f","f","t","f","t","t","t","t","t","g","f","f","t","t","f","f","f","f","f","n","f","f","f","nowin"
"f","f","t","t","t","t","f","f","t","g","f","f","t","t","f","t","f","f","f","n","f","f","f","nowin"
"f","f","t","t","t","t","f","f","t","g","f","f","t","t","f","t","f","f","f","n","f","f","f","nowin"
"f","f","t","t","t","t","f","t","t","g","f","f","t","t","f","t","f","f","f","n","f","f","f","nowin"
"f","f","t","t","t","t","t","f","t","g","f","f","t","t","f","t","f","f","f","n","f","f","f","nowin"
"f","f","t","t","t","t","t","f","t","g","f","f","t","t","f","t","f","f","f","n","f","f","f","nowin"
"f","f","f","f","t","t","f","t","t","g","f","f","t","t","f","f","f","f","f","n","f","f","f","nowin"
"f","f","f","f","t","t","t","t","t","g","f","f","t","t","f","f","f","f","f","n","f","f","f","nowin"
"f","f","f","t","t","t","f","f","t","g","f","f","t","t","f","t","f","f","f","n","f","f","f","nowin"
"f","f","f","t","t","t","f","t","t","g","f","f","t","t","f","t","f","f","f","n","f","f","f","nowin"
"f","f","f","t","t","t","f","t","t","g","f","f","t","t","f","t","f","f","f","n","f","f","f","nowin"
"f","f","t","t","t","t","t","t","t","g","f","f","t","t","t","f","f","f","f","n","f","f","f","nowin"
"f","f","t","t","t","t","t","t","t","g","f","f","t","t","t","t","f","f","f","n","f","f","f","nowin"
"f","f","f","t","t","t","t","t","t","g","f","f","t","t","t","t","f","f","f","n","f","f","f","nowin"
"f","f","f","t","f","t","f","f","t","g","f","f","t","t","f","t","f","f","f","n","f","f","f","nowin"
"t","f","t","t","t","t","f","f","t","g","f","f","t","t","f","t","f","f","f","n","f","f","f","nowin"
"t","f","t","t","t","t","t","t","t","g","f","f","t","t","f","t","f","f","f","n","f","f","f","nowin"
"t","f","f","f","t","f","f","t","t","g","f","f","t","t","f","f","f","f","f","n","f","f","t","nowin"
"t","f","f","f","t","t","f","t","t","g","f","f","t","t","f","f","f","f","f","n","f","f","f","nowin"
"t","f","f","f","t","t","f","t","t","g","f","f","t","t","f","f","f","f","f","n","f","f","t","nowin"
"t","f","f","t","t","t","f","t","t","g","f","f","t","t","f","t","f","f","f","n","f","f","f","nowin"
"t","f","f","t","t","t","f","t","t","g","f","f","t","t","f","t","f","f","f","n","f","f","t","nowin"
"t","f","f","t","t","t","f","t","t","g","f","f","t","t","f","t","f","f","f","n","f","f","f","nowin"
"t","f","f","t","t","t","f","t","t","g","f","f","t","t","f","t","f","f","f","n","f","f","t","nowin"
"t","f","f","t","t","t","t","f","t","g","f","f","t","t","f","t","f","f","f","n","f","f","f","nowin"
"t","f","f","t","t","t","t","t","t","g","f","f","t","t","f","t","f","f","f","n","f","f","f","nowin"
"t","f","t","f","t","f","f","t","f","g","f","f","t","t","f","f","f","f","f","n","f","f","t","nowin"
"t","f","f","t","t","f","t","t","t","g","f","f","t","t","t","f","f","f","f","n","f","f","t","nowin"
"t","f","f","t","t","t","t","t","t","g","f","f","t","t","t","t","f","f","f","n","f","f","f","nowin"
"t","f","f","t","t","t","t","t","t","g","f","f","t","t","t","t","f","f","f","n","f","f","t","nowin"
"t","f","f","t","t","t","t","t","t","g","f","f","t","t","t","t","f","f","f","n","f","f","f","nowin"
"t","f","t","t","t","f","t","t","f","g","f","f","t","t","t","f","f","f","f","n","f","f","t","nowin"
"f","f","f","f","t","t","f","t","t","l","t","f","t","t","f","f","f","f","f","n","f","f","f","nowin"
"f","f","t","f","t","f","f","f","f","l","t","f","t","t","f","f","f","f","f","n","f","f","f","nowin"
"f","f","t","f","t","f","f","t","f","l","t","f","t","t","f","f","f","f","f","n","f","f","f","nowin"
"f","f","f","f","t","f","f","f","f","l","t","f","t","t","f","f","f","f","f","n","f","f","f","nowin"
"f","f","f","f","t","f","f","t","f","l","t","f","t","t","f","f","f","f","f","n","f","f","f","nowin"
"f","f","f","f","t","f","t","t","f","l","t","f","t","t","f","f","f","f","f","n","f","f","f","nowin"
"f","f","f","t","t","t","t","t","t","l","t","f","t","t","t","t","f","f","f","n","f","f","f","nowin"
"f","f","t","t","t","f","t","t","f","l","t","f","t","t","t","f","f","f","f","n","f","f","f","nowin"
"t","f","f","f","t","t","f","t","t","l","t","f","t","t","f","f","f","f","f","n","f","f","t","nowin"
"t","f","t","f","t","f","f","t","f","l","t","f","t","t","f","f","f","f","f","n","f","f","t","nowin"
"t","f","t","f","t","f","f","t","f","l","t","f","t","t","f","f","f","f","f","n","f","f","t","nowin"
"t","f","t","f","t","f","f","t","f","l","t","f","t","t","f","f","f","f","f","n","f","f","t","nowin"
"t","f","t","t","t","f","f","f","f","l","t","f","t","t","f","t","f","f","f","n","f","f","f","nowin"
"t","f","f","f","t","f","f","t","f","l","t","f","t","t","f","f","f","f","f","n","f","f","t","nowin"
"t","f","f","f","t","f","t","f","f","l","t","f","t","t","f","f","f","f","f","n","f","f","f","nowin"
"t","f","f","f","t","f","t","t","f","l","t","f","t","t","f","f","f","f","f","n","f","f","f","nowin"
"t","f","f","t","t","t","t","t","t","l","t","f","t","t","t","t","f","f","f","n","f","f","f","nowin"
"t","f","f","t","t","f","t","t","f","l","t","f","t","t","t","f","f","f","f","n","f","f","f","nowin"
"f","f","t","f","t","t","f","t","t","l","f","f","t","t","f","f","f","f","f","n","f","f","f","nowin"
"f","f","t","f","t","t","f","f","t","l","f","f","t","t","f","f","f","f","f","n","f","f","f","nowin"
"f","f","t","f","t","t","t","t","t","l","f","f","t","t","f","f","f","f","f","n","f","f","f","nowin"
"f","f","f","f","t","t","f","f","t","l","f","f","t","t","f","f","f","f","f","n","f","f","f","nowin"
"f","f","f","f","t","t","f","t","t","l","f","f","t","t","f","f","f","f","f","n","f","f","f","nowin"
"f","f","t","f","t","f","f","f","f","l","f","f","t","t","f","f","f","f","f","n","f","f","f","nowin"
"f","f","t","f","t","f","f","t","f","l","f","f","t","t","f","f","f","f","f","n","f","f","f","nowin"
"f","f","t","f","t","f","f","f","f","l","f","f","t","t","f","f","f","f","f","n","f","f","f","nowin"
"f","f","t","f","t","f","f","f","f","l","f","f","t","t","f","f","f","f","f","n","f","f","f","nowin"
"f","f","t","f","t","f","f","f","f","l","f","f","t","t","f","f","f","f","f","n","f","f","f","nowin"
"f","f","t","f","t","f","t","t","f","l","f","f","t","t","f","f","f","f","f","n","f","f","f","nowin"
"f","f","t","t","t","f","f","f","f","l","f","f","t","t","f","t","f","f","f","n","f","f","f","nowin"
"f","f","t","t","t","f","t","f","f","l","f","f","t","t","f","t","f","f","f","n","f","f","f","nowin"
"f","f","f","f","t","f","f","f","f","l","f","f","t","t","f","f","f","f","f","n","f","f","f","nowin"
"f","f","f","f","t","f","f","t","f","l","f","f","t","t","f","f","f","f","f","n","f","f","f","nowin"
"f","f","f","f","t","t","f","f","f","l","f","f","t","t","f","f","f","f","f","n","f","f","f","nowin"
"f","f","f","f","t","f","f","f","f","l","f","f","t","t","f","f","f","f","f","n","f","f","f","nowin"
"f","f","f","f","t","f","f","t","f","l","f","f","t","t","f","f","f","f","f","n","f","f","f","nowin"
"f","f","f","f","t","f","t","t","f","l","f","f","t","t","f","f","f","f","f","n","f","f","f","nowin"
"f","f","f","f","t","f","t","t","f","l","f","f","t","t","f","f","f","f","f","n","f","f","f","nowin"
"f","f","f","t","t","f","f","f","f","l","f","f","t","t","f","t","f","f","f","n","f","f","f","nowin"
"f","f","f","t","t","f","f","t","f","l","f","f","t","t","f","t","f","f","f","n","f","f","f","nowin"
"f","f","t","t","t","t","t","t","t","l","f","f","t","t","t","f","f","f","f","n","f","f","f","nowin"
"f","f","t","t","t","t","t","t","t","l","f","f","t","t","t","t","f","f","f","n","f","f","f","nowin"
"f","f","f","t","t","t","t","t","t","l","f","f","t","t","t","t","f","f","f","n","f","f","f","nowin"
"f","f","t","t","t","f","t","t","f","l","f","f","t","t","t","f","f","f","f","n","f","f","f","nowin"
"f","f","f","t","t","f","t","t","f","l","f","f","t","t","t","f","f","f","f","n","f","f","f","nowin"
"f","f","f","f","t","t","f","f","t","l","f","f","t","t","f","f","f","f","f","n","f","f","f","nowin"
"t","f","t","t","t","t","t","t","t","l","f","f","t","t","f","t","f","f","f","n","f","f","f","nowin"
"t","f","f","f","t","t","f","t","t","l","f","f","t","t","f","f","f","f","f","n","f","f","t","nowin"
"t","f","f","f","t","f","f","f","t","l","f","f","t","t","f","f","f","f","f","n","f","f","f","nowin"
"t","f","f","f","t","f","f","t","t","l","f","f","t","t","f","f","f","f","f","n","f","f","t","nowin"
"t","f","f","f","t","t","f","t","t","l","f","f","t","t","f","f","f","f","f","n","f","f","t","nowin"
"t","f","f","f","t","f","t","f","t","l","f","f","t","t","f","f","f","f","f","n","f","f","f","nowin"
"t","f","f","f","t","f","t","t","t","l","f","f","t","t","f","f","f","f","f","n","f","f","f","nowin"
"t","f","f","t","t","t","f","t","t","l","f","f","t","t","f","t","f","f","f","n","f","f","t","nowin"
"t","f","f","t","t","f","f","f","t","l","f","f","t","t","f","t","f","f","f","n","f","f","f","nowin"
"t","f","f","t","t","t","t","t","t","l","f","f","t","t","f","t","f","f","f","n","f","f","f","nowin"
"t","f","t","f","t","f","f","f","f","l","f","f","t","t","f","f","f","f","f","n","f","f","f","nowin"
"t","f","t","f","t","f","f","f","f","l","f","f","t","t","f","f","f","f","f","n","f","f","f","nowin"
"t","f","t","f","t","f","f","t","f","l","f","f","t","t","f","f","f","f","f","n","f","f","t","nowin"
"t","f","t","f","t","f","t","t","f","l","f","f","t","t","f","f","f","f","f","n","f","f","f","nowin"
"t","f","t","f","t","f","t","t","f","l","f","f","t","t","f","f","f","f","f","n","f","f","f","nowin"
"t","f","t","t","t","f","f","f","f","l","f","f","t","t","f","t","f","f","f","n","f","f","f","nowin"
"t","f","f","f","t","f","f","t","f","l","f","f","t","t","f","f","f","f","f","n","f","f","t","nowin"
"t","f","f","f","t","f","f","t","f","l","f","f","t","t","f","f","f","f","f","n","f","f","t","nowin"
"t","f","f","t","t","f","f","f","f","l","f","f","t","t","f","t","f","f","f","n","f","f","f","nowin"
"t","f","f","t","t","f","f","t","f","l","f","f","t","t","f","t","f","f","f","n","f","f","t","nowin"
"t","f","f","t","t","f","t","f","f","l","f","f","t","t","f","t","f","f","f","n","f","f","f","nowin"
"t","f","f","t","t","f","t","f","f","l","f","f","t","t","f","t","f","f","f","n","f","f","f","nowin"
"t","f","f","t","t","t","t","t","t","l","f","f","t","t","t","f","f","f","f","n","f","f","f","nowin"
"t","f","f","t","t","f","t","t","t","l","f","f","t","t","t","f","f","f","f","n","f","f","f","nowin"
"t","f","f","t","t","f","t","t","t","l","f","f","t","t","t","f","f","f","f","n","f","f","f","nowin"
"t","f","f","t","t","f","t","f","t","l","f","f","t","t","t","f","f","f","f","n","f","f","f","nowin"
"t","f","f","t","t","f","t","t","t","l","f","f","t","t","t","f","f","f","f","n","f","f","f","nowin"
"t","f","f","t","t","t","t","t","t","l","f","f","t","t","t","t","f","f","f","n","f","f","f","nowin"
"t","f","f","t","t","t","t","t","t","l","f","f","t","t","t","t","f","f","f","n","f","f","t","nowin"
"t","f","t","t","t","f","t","f","f","l","f","f","t","t","t","f","f","f","f","n","f","f","f","nowin"
"t","f","t","t","t","f","t","t","f","l","f","f","t","t","t","f","f","f","f","n","f","f","f","nowin"
"t","f","t","t","t","f","t","t","f","l","f","f","t","t","t","f","f","f","f","n","f","f","t","nowin"
"t","f","f","t","t","f","t","t","f","l","f","f","t","t","t","f","f","f","f","n","f","f","f","nowin"
"f","f","t","f","f","t","f","f","t","g","t","f","t","t","f","f","f","f","f","n","f","t","f","nowin"
"f","f","f","f","t","t","f","f","t","g","t","f","t","t","f","f","f","f","f","n","f","t","f","nowin"
"f","f","f","t","t","t","f","f","t","g","t","f","t","t","f","t","f","f","f","n","f","t","f","nowin"
"t","f","f","t","t","t","f","f","t","g","t","f","t","t","f","t","f","f","f","n","f","t","f","nowin"
"f","f","f","f","t","t","f","f","t","g","f","f","t","t","f","f","f","f","f","n","f","t","f","nowin"
"f","f","f","t","t","t","f","f","t","g","f","f","t","t","f","t","f","f","f","n","f","t","f","nowin"
"f","f","f","t","t","t","f","f","t","g","f","f","t","t","f","t","f","f","f","n","f","t","f","nowin"
"f","f","f","f","t","f","f","f","f","l","t","f","t","t","f","f","f","f","f","n","f","t","f","nowin"
"f","f","t","f","t","t","f","t","t","l","f","f","t","t","f","f","f","f","f","n","f","t","f","nowin"
"f","f","t","t","t","t","f","f","t","l","f","f","t","t","f","t","f","f","f","n","f","t","f","nowin"
"f","f","f","t","t","t","f","f","t","l","f","f","t","t","f","t","f","f","f","n","f","t","f","nowin"
"f","f","t","f","t","t","f","f","f","l","f","f","t","t","f","f","f","f","f","n","f","t","f","nowin"
"f","f","f","f","t","f","f","f","f","l","f","f","t","t","f","f","f","f","f","n","f","t","f","nowin"
"t","f","f","t","t","t","f","f","t","l","f","f","t","t","f","t","f","f","f","n","f","t","f","nowin"
"t","f","f","t","t","f","f","f","f","l","f","f","t","t","f","t","f","f","f","n","f","t","f","nowin"
"f","f","t","f","f","t","f","f","t","g","t","f","f","n","f","f","f","f","t","w","f","f","f","nowin"
"f","f","f","f","f","t","f","f","t","g","t","f","f","n","f","f","f","f","t","w","f","f","f","nowin"
"f","f","f","f","f","t","t","f","t","g","t","f","f","n","f","f","f","f","f","b","f","f","f","nowin"
"f","f","f","f","f","t","t","f","t","g","t","f","f","n","f","f","f","f","f","n","f","f","f","nowin"
"f","f","f","f","f","t","t","f","t","g","t","f","f","n","f","f","f","f","t","n","f","f","f","nowin"
"f","f","f","f","f","t","t","f","t","g","t","f","f","n","f","f","f","f","f","b","t","f","f","nowin"
"f","f","t","f","f","t","t","t","t","l","t","f","f","n","f","f","f","f","f","b","f","f","f","nowin"
"f","f","t","f","f","t","f","f","t","l","t","f","f","n","f","f","f","f","t","w","f","f","f","nowin"
"f","f","t","f","f","t","t","f","t","l","t","f","f","n","f","f","f","f","t","w","f","f","f","nowin"
"f","f","t","f","f","t","t","t","t","l","t","f","f","n","f","f","f","f","f","n","f","f","f","nowin"
"f","f","f","f","f","t","f","f","t","l","t","f","f","n","f","f","f","f","t","w","f","f","f","nowin"
"f","f","f","f","f","t","f","f","t","l","t","f","f","n","f","f","f","f","t","w","f","f","t","nowin"
"f","f","f","f","f","f","f","f","t","l","t","f","f","n","f","f","f","f","t","w","f","f","t","nowin"
"f","f","f","f","f","t","t","f","t","l","t","f","f","n","f","f","f","f","t","w","f","f","f","nowin"
"f","f","t","f","f","t","f","f","f","l","t","f","f","n","f","f","f","f","t","w","f","f","f","nowin"
"f","f","t","f","f","f","f","f","f","l","t","f","f","n","f","f","f","f","t","w","f","f","t","nowin"
"f","f","t","f","f","f","f","f","f","l","t","f","f","n","f","f","f","f","t","w","f","f","t","nowin"
"f","f","t","t","f","t","t","t","f","l","t","f","f","n","f","t","f","f","f","n","f","f","f","nowin"
"f","f","f","f","f","t","f","f","f","l","t","f","f","n","f","f","f","f","t","w","f","f","f","nowin"
"f","f","f","f","f","t","f","f","f","l","t","f","f","n","f","f","f","f","t","w","f","f","t","nowin"
"f","f","f","t","f","t","t","f","f","l","t","f","f","n","f","t","f","f","f","w","f","f","f","nowin"
"f","f","t","t","f","t","t","f","t","l","t","f","f","n","t","t","f","f","f","w","f","f","f","nowin"
"f","f","f","f","f","t","t","f","t","l","t","f","f","n","f","f","f","f","f","b","f","f","f","nowin"
"f","f","f","f","f","t","t","f","t","l","t","f","f","n","f","f","f","f","f","n","f","f","f","nowin"
"f","f","f","f","f","t","t","f","t","l","t","f","f","n","f","f","f","f","t","n","f","f","f","nowin"
"f","f","f","f","f","t","t","f","t","l","t","f","f","n","f","f","f","f","f","b","t","f","f","nowin"
"f","f","f","f","f","t","t","f","t","g","t","f","f","n","f","f","f","f","t","n","f","t","f","nowin"
"f","f","t","f","f","t","t","f","t","g","t","f","f","n","f","f","f","f","f","b","t","t","f","nowin"
"f","f","f","f","f","t","t","f","t","g","t","f","f","n","f","f","f","f","f","b","t","t","f","nowin"
"f","f","f","f","f","t","t","f","t","g","t","f","f","n","f","f","f","f","f","n","t","t","f","nowin"
"f","f","f","t","f","t","t","t","t","l","t","f","f","n","f","t","f","f","f","b","t","t","f","nowin"
"f","f","f","t","f","t","t","t","t","l","t","f","f","n","f","t","f","f","f","n","t","t","f","nowin"
"f","f","f","t","f","t","t","t","f","l","t","f","f","n","f","t","f","f","f","n","f","t","f","nowin"
"f","f","t","t","f","t","t","t","f","l","t","f","f","n","f","t","f","f","f","b","t","t","f","nowin"
"f","f","f","t","f","f","t","f","t","l","t","f","f","n","t","f","f","f","f","w","f","t","t","nowin"
"f","f","f","t","f","t","t","f","t","l","t","f","f","n","t","t","f","f","f","w","f","t","t","nowin"
"f","f","t","t","f","f","t","f","f","l","t","f","f","n","t","f","f","f","f","w","f","t","t","nowin"
"f","f","f","f","f","t","t","f","t","l","t","f","f","n","f","f","f","f","t","n","f","t","f","nowin"
"f","f","t","f","f","t","t","f","t","l","t","f","f","n","f","f","f","f","f","b","t","t","f","nowin"
"f","f","f","f","f","t","t","f","t","l","t","f","f","n","f","f","f","f","f","b","t","t","f","nowin"
"f","f","f","f","f","t","t","f","t","l","t","f","f","n","f","f","f","f","f","n","t","t","f","nowin"
"f","f","t","f","f","f","t","f","t","l","t","f","f","n","f","f","f","f","f","b","t","t","f","nowin"
"f","f","t","f","f","f","t","f","t","l","t","f","f","n","f","f","f","f","f","n","t","t","f","nowin"
